"english_word","french_word","chinese_gloss","lexical_pair_type","semantic_overlap_score","false_friend_risk","default_context_support","difficulty_level","notes","source","source_code","content_version","word_id","active","tags","knowledge_status","embedding_status"
"succeed","succéder","继任; 接连发生","false_friend","0.20","0.90","high","4","Two visual source records","Kirk-Greene and TEM4","LEXI_BRIDGE_FF4","FF4_V1","LEXI_BRIDGE_FF4-0001","true","false-friend|tem4|lexi-bridge","ready","pending"
"plume","plume","羽毛; 钢笔","false_friend","0.20","0.90","high","4","Two visual source records","Kirk-Greene and TEM4","LEXI_BRIDGE_FF4","FF4_V1","LEXI_BRIDGE_FF4-0002","true","false-friend|tem4|lexi-bridge","ready","pending"
"chance","chance","机会; 幸运","false_friend","0.20","0.90","high","4","Two visual source records","Kirk-Greene and TEM4","LEXI_BRIDGE_FF4","FF4_V1","LEXI_BRIDGE_FF4-0003","true","false-friend|tem4|lexi-bridge","ready","pending"
"formal","formel","断然的; 正式的; 郑重的","false_friend","0.20","0.90","high","4","Two visual source records","Kirk-Greene and TEM4","LEXI_BRIDGE_FF4","FF4_V1","LEXI_BRIDGE_FF4-0004","true","false-friend|tem4|lexi-bridge","ready","pending"
"formally","formellement","断然地; 明确地","false_friend","0.20","0.90","high","4","Two visual source records","Kirk-Greene and TEM4","LEXI_BRIDGE_FF4","FF4_V1","LEXI_BRIDGE_FF4-0005","true","false-friend|tem4|lexi-bridge","ready","pending"
"form","forme","形状; 状态; 礼节; 班级; 长凳; 表格","false_friend","0.20","0.90","high","4","Two visual source records","Kirk-Greene and TEM4","LEXI_BRIDGE_FF4","FF4_V1","LEXI_BRIDGE_FF4-0006","true","false-friend|tem4|lexi-bridge","ready","pending"
"portable","portable","便携的; 可穿戴的","false_friend","0.20","0.90","high","4","Two visual source records","Kirk-Greene and TEM4","LEXI_BRIDGE_FF4","FF4_V1","LEXI_BRIDGE_FF4-0007","true","false-friend|tem4|lexi-bridge","ready","pending"
"pavilion","pavillon","小屋; 门房; 郊区住宅","false_friend","0.20","0.90","high","4","Two visual source records","Kirk-Greene and TEM4","LEXI_BRIDGE_FF4","FF4_V1","LEXI_BRIDGE_FF4-0008","true","false-friend|tem4|lexi-bridge","ready","pending"
"surname","surnommer","给人起绰号","false_friend","0.20","0.90","high","4","Two visual source records","Kirk-Greene and TEM4","LEXI_BRIDGE_FF4","FF4_V1","LEXI_BRIDGE_FF4-0009","true","false-friend|tem4|lexi-bridge","ready","pending"
"compensate","compenser","弥补; 抵消; 调整","false_friend","0.20","0.90","high","4","Two visual source records","Kirk-Greene and TEM4","LEXI_BRIDGE_FF4","FF4_V1","LEXI_BRIDGE_FF4-0010","true","false-friend|tem4|lexi-bridge","ready","pending"
"vex","vexer","使不快; 冒犯; 伤害","false_friend","0.20","0.90","high","4","Two visual source records","Kirk-Greene and TEM4","LEXI_BRIDGE_FF4","FF4_V1","LEXI_BRIDGE_FF4-0011","true","false-friend|tem4|lexi-bridge","ready","pending"
"vice","vice","缺点; 毛病; 钳子","false_friend","0.20","0.90","high","4","Two visual source records","Kirk-Greene and TEM4","LEXI_BRIDGE_FF4","FF4_V1","LEXI_BRIDGE_FF4-0012","true","false-friend|tem4|lexi-bridge","ready","pending"
"plateau","plateau","高原; 托盘","false_friend","0.20","0.90","high","4","Two visual source records","Kirk-Greene and TEM4","LEXI_BRIDGE_FF4","FF4_V1","LEXI_BRIDGE_FF4-0013","true","false-friend|tem4|lexi-bridge","ready","pending"
"mode","mode","时尚; 衣着时尚","false_friend","0.20","0.90","high","4","Two visual source records","Kirk-Greene and TEM4","LEXI_BRIDGE_FF4","FF4_V1","LEXI_BRIDGE_FF4-0014","true","false-friend|tem4|lexi-bridge","ready","pending"
"derange","déranger","打扰; 扰乱; 弄乱; 肠胃不适","false_friend","0.20","0.90","high","4","Two visual source records","Kirk-Greene and TEM4","LEXI_BRIDGE_FF4","FF4_V1","LEXI_BRIDGE_FF4-0015","true","false-friend|tem4|lexi-bridge","ready","pending"
"pray","prier","祈祷; 请求; 恳求","false_friend","0.20","0.90","high","4","Two visual source records","Kirk-Greene and TEM4","LEXI_BRIDGE_FF4","FF4_V1","LEXI_BRIDGE_FF4-0016","true","false-friend|tem4|lexi-bridge","ready","pending"
"timid","timide","羞怯的; 腼腆的","false_friend","0.20","0.90","high","4","Two visual source records","Kirk-Greene and TEM4","LEXI_BRIDGE_FF4","FF4_V1","LEXI_BRIDGE_FF4-0017","true","false-friend|tem4|lexi-bridge","ready","pending"
"diffuse","diffuser","传播; 广播; 发行","false_friend","0.20","0.90","high","4","Two visual source records","Kirk-Greene and TEM4","LEXI_BRIDGE_FF4","FF4_V1","LEXI_BRIDGE_FF4-0018","true","false-friend|tem4|lexi-bridge","ready","pending"
"imagine","imaginer","想象; 构思; 发明; 臆想","false_friend","0.20","0.90","high","4","Two visual source records","Kirk-Greene and TEM4","LEXI_BRIDGE_FF4","FF4_V1","LEXI_BRIDGE_FF4-0019","true","false-friend|tem4|lexi-bridge","ready","pending"
"sot","sot","傻瓜","false_friend","0.20","0.90","high","4","Two visual source records","Kirk-Greene and TEM4","LEXI_BRIDGE_FF4","FF4_V1","LEXI_BRIDGE_FF4-0020","true","false-friend|tem4|lexi-bridge","ready","pending"
"pain","peine","苦恼; 辛劳; 麻烦; 刑罚","false_friend","0.20","0.90","high","4","Two visual source records","Kirk-Greene and TEM4","LEXI_BRIDGE_FF4","FF4_V1","LEXI_BRIDGE_FF4-0021","true","false-friend|tem4|lexi-bridge","ready","pending"
"verger","verger","果园","false_friend","0.20","0.90","high","4","Two visual source records","Kirk-Greene and TEM4","LEXI_BRIDGE_FF4","FF4_V1","LEXI_BRIDGE_FF4-0022","true","false-friend|tem4|lexi-bridge","ready","pending"
"secretary","secrétaire","秘书; 翻盖写字台","false_friend","0.20","0.90","high","4","Two visual source records","Kirk-Greene and TEM4","LEXI_BRIDGE_FF4","FF4_V1","LEXI_BRIDGE_FF4-0023","true","false-friend|tem4|lexi-bridge","ready","pending"
"license","licencier","解雇; 裁员","false_friend","0.20","0.90","high","4","Two visual source records","Kirk-Greene and TEM4","LEXI_BRIDGE_FF4","FF4_V1","LEXI_BRIDGE_FF4-0024","true","false-friend|tem4|lexi-bridge","ready","pending"
"turbulent","turbulent","不守规矩的; 吵闹的","false_friend","0.20","0.90","high","4","Two visual source records","Kirk-Greene and TEM4","LEXI_BRIDGE_FF4","FF4_V1","LEXI_BRIDGE_FF4-0025","true","false-friend|tem4|lexi-bridge","ready","pending"
"utilitarian","utilitaire","商用的; 功利的","false_friend","0.20","0.90","high","4","Two visual source records","Kirk-Greene and TEM4","LEXI_BRIDGE_FF4","FF4_V1","LEXI_BRIDGE_FF4-0026","true","false-friend|tem4|lexi-bridge","ready","pending"
"inquest","enquête","调查; 查问","false_friend","0.20","0.90","high","4","Two visual source records","Kirk-Greene and TEM4","LEXI_BRIDGE_FF4","FF4_V1","LEXI_BRIDGE_FF4-0027","true","false-friend|tem4|lexi-bridge","ready","pending"
"install","installer","安装; 安置; 布置房间; 显摆","false_friend","0.20","0.90","high","4","Two visual source records","Kirk-Greene and TEM4","LEXI_BRIDGE_FF4","FF4_V1","LEXI_BRIDGE_FF4-0028","true","false-friend|tem4|lexi-bridge","ready","pending"
"fatigue","fatiguer","使疲倦; 拌沙拉","false_friend","0.20","0.90","high","4","Two visual source records","Kirk-Greene and TEM4","LEXI_BRIDGE_FF4","FF4_V1","LEXI_BRIDGE_FF4-0029","true","false-friend|tem4|lexi-bridge","ready","pending"
"entrain","entraîner","训练; 带动; 引领","false_friend","0.20","0.90","high","4","Two visual source records","Kirk-Greene and TEM4","LEXI_BRIDGE_FF4","FF4_V1","LEXI_BRIDGE_FF4-0030","true","false-friend|tem4|lexi-bridge","ready","pending"
"caution","caution","担保; 保证; 保释金; 押金","false_friend","0.20","0.90","high","4","Two visual source records","Kirk-Greene and TEM4","LEXI_BRIDGE_FF4","FF4_V1","LEXI_BRIDGE_FF4-0031","true","false-friend|tem4|lexi-bridge","ready","pending"
"reply","répliquer","反驳; 回嘴","false_friend","0.20","0.90","high","4","Two visual source records","Kirk-Greene and TEM4","LEXI_BRIDGE_FF4","FF4_V1","LEXI_BRIDGE_FF4-0032","true","false-friend|tem4|lexi-bridge","ready","pending"
"class","classe","班级; 教室; 年龄组","false_friend","0.20","0.90","high","4","Two visual source records","Kirk-Greene and TEM4","LEXI_BRIDGE_FF4","FF4_V1","LEXI_BRIDGE_FF4-0033","true","false-friend|tem4|lexi-bridge","ready","pending"
"science","science","知识; 技能; 科学","false_friend","0.20","0.90","high","4","Two visual source records","Kirk-Greene and TEM4","LEXI_BRIDGE_FF4","FF4_V1","LEXI_BRIDGE_FF4-0034","true","false-friend|tem4|lexi-bridge","ready","pending"
"herb","herbe","草本植物; 香草; 野餐; 杂草","false_friend","0.20","0.90","high","4","Two visual source records","Kirk-Greene and TEM4","LEXI_BRIDGE_FF4","FF4_V1","LEXI_BRIDGE_FF4-0035","true","false-friend|tem4|lexi-bridge","ready","pending"
"estimate","estimer","尊敬; 认为; 考虑","false_friend","0.20","0.90","high","4","Two visual source records","Kirk-Greene and TEM4","LEXI_BRIDGE_FF4","FF4_V1","LEXI_BRIDGE_FF4-0036","true","false-friend|tem4|lexi-bridge","ready","pending"
"four","four","烤炉; 火炉","false_friend","0.20","0.90","high","4","Two visual source records","Kirk-Greene and TEM4","LEXI_BRIDGE_FF4","FF4_V1","LEXI_BRIDGE_FF4-0037","true","false-friend|tem4|lexi-bridge","ready","pending"
"complimentary","complémentaire","补充的; 附加的","false_friend","0.20","0.90","high","4","Two visual source records","Kirk-Greene and TEM4","LEXI_BRIDGE_FF4","FF4_V1","LEXI_BRIDGE_FF4-0038","true","false-friend|tem4|lexi-bridge","ready","pending"
"villa","villa","独立住宅; 花园小别墅","false_friend","0.20","0.90","high","4","Two visual source records","Kirk-Greene and TEM4","LEXI_BRIDGE_FF4","FF4_V1","LEXI_BRIDGE_FF4-0039","true","false-friend|tem4|lexi-bridge","ready","pending"
"gentle","gentil","好心的; 友善的; 可爱的","false_friend","0.20","0.90","high","4","Two visual source records","Kirk-Greene and TEM4","LEXI_BRIDGE_FF4","FF4_V1","LEXI_BRIDGE_FF4-0040","true","false-friend|tem4|lexi-bridge","ready","pending"
"dispose","disposer","安排; 布置; 使准备; 可供使用","false_friend","0.20","0.90","high","4","Two visual source records","Kirk-Greene and TEM4","LEXI_BRIDGE_FF4","FF4_V1","LEXI_BRIDGE_FF4-0041","true","false-friend|tem4|lexi-bridge","ready","pending"
"discover","découvrir","发现; 揭开; 脱帽露头","false_friend","0.20","0.90","high","4","Two visual source records","Kirk-Greene and TEM4","LEXI_BRIDGE_FF4","FF4_V1","LEXI_BRIDGE_FF4-0042","true","false-friend|tem4|lexi-bridge","ready","pending"
"deposit","déposer","放下; 罢免; 作证","false_friend","0.20","0.90","high","4","Two visual source records","Kirk-Greene and TEM4","LEXI_BRIDGE_FF4","FF4_V1","LEXI_BRIDGE_FF4-0043","true","false-friend|tem4|lexi-bridge","ready","pending"
"remount","remonter","重新上升; 补货; 上发条; 使振作","false_friend","0.20","0.90","high","4","Two visual source records","Kirk-Greene and TEM4","LEXI_BRIDGE_FF4","FF4_V1","LEXI_BRIDGE_FF4-0044","true","false-friend|tem4|lexi-bridge","ready","pending"
"usage","usage","使用; 惯例; 习俗; 穿用磨损","false_friend","0.20","0.90","high","4","Two visual source records","Kirk-Greene and TEM4","LEXI_BRIDGE_FF4","FF4_V1","LEXI_BRIDGE_FF4-0045","true","false-friend|tem4|lexi-bridge","ready","pending"
"radio","radio","无线电报务员; 无线电留言","false_friend","0.20","0.90","high","4","Two visual source records","Kirk-Greene and TEM4","LEXI_BRIDGE_FF4","FF4_V1","LEXI_BRIDGE_FF4-0046","true","false-friend|tem4|lexi-bridge","ready","pending"
"fete","fête","节日; 庆典; 假期; 生日庆祝; 展览会","false_friend","0.20","0.90","high","4","Two visual source records","Kirk-Greene and TEM4","LEXI_BRIDGE_FF4","FF4_V1","LEXI_BRIDGE_FF4-0047","true","false-friend|tem4|lexi-bridge","ready","pending"
"chef","chef","厨师长; 首领; 站长; 头","false_friend","0.20","0.90","high","4","Two visual source records","Kirk-Greene and TEM4","LEXI_BRIDGE_FF4","FF4_V1","LEXI_BRIDGE_FF4-0048","true","false-friend|tem4|lexi-bridge","ready","pending"
"pursue","poursuivre","追赶; 继续; 起诉","false_friend","0.20","0.90","high","4","Two visual source records","Kirk-Greene and TEM4","LEXI_BRIDGE_FF4","FF4_V1","LEXI_BRIDGE_FF4-0049","true","false-friend|tem4|lexi-bridge","ready","pending"
"try","trier","分类; 筛选; 挑选","false_friend","0.20","0.90","high","4","Two visual source records","Kirk-Greene and TEM4","LEXI_BRIDGE_FF4","FF4_V1","LEXI_BRIDGE_FF4-0050","true","false-friend|tem4|lexi-bridge","ready","pending"
"hate","hâter","加快; 催促","false_friend","0.20","0.90","high","4","Two visual source records","Kirk-Greene and TEM4","LEXI_BRIDGE_FF4","FF4_V1","LEXI_BRIDGE_FF4-0051","true","false-friend|tem4|lexi-bridge","ready","pending"
"repeat","répéter","重复; 排练","false_friend","0.20","0.90","high","4","Two visual source records","Kirk-Greene and TEM4","LEXI_BRIDGE_FF4","FF4_V1","LEXI_BRIDGE_FF4-0052","true","false-friend|tem4|lexi-bridge","ready","pending"
"oriental","oriental","东方的; 东部的","false_friend","0.20","0.90","high","4","Two visual source records","Kirk-Greene and TEM4","LEXI_BRIDGE_FF4","FF4_V1","LEXI_BRIDGE_FF4-0053","true","false-friend|tem4|lexi-bridge","ready","pending"
"harmony","harmonie","和谐; 管乐队","false_friend","0.20","0.90","high","4","Two visual source records","Kirk-Greene and TEM4","LEXI_BRIDGE_FF4","FF4_V1","LEXI_BRIDGE_FF4-0054","true","false-friend|tem4|lexi-bridge","ready","pending"
"public","public","公共的; 国立的; 妓院（特定表达）","false_friend","0.20","0.90","high","4","Two visual source records","Kirk-Greene and TEM4","LEXI_BRIDGE_FF4","FF4_V1","LEXI_BRIDGE_FF4-0055","true","false-friend|tem4|lexi-bridge","ready","pending"
"cry","crier","喊叫","false_friend","0.20","0.90","high","4","Two visual source records","Kirk-Greene and TEM4","LEXI_BRIDGE_FF4","FF4_V1","LEXI_BRIDGE_FF4-0056","true","false-friend|tem4|lexi-bridge","ready","pending"
"tape","taper","敲打; 打字; 搭讪","false_friend","0.20","0.90","high","4","Two visual source records","Kirk-Greene and TEM4","LEXI_BRIDGE_FF4","FF4_V1","LEXI_BRIDGE_FF4-0057","true","false-friend|tem4|lexi-bridge","ready","pending"
"reason","raison","理由; 正确; 商号; 比例","false_friend","0.20","0.90","high","4","Two visual source records","Kirk-Greene and TEM4","LEXI_BRIDGE_FF4","FF4_V1","LEXI_BRIDGE_FF4-0058","true","false-friend|tem4|lexi-bridge","ready","pending"
"regret","regretter","后悔; 想念","false_friend","0.20","0.90","high","4","Two visual source records","Kirk-Greene and TEM4","LEXI_BRIDGE_FF4","FF4_V1","LEXI_BRIDGE_FF4-0059","true","false-friend|tem4|lexi-bridge","ready","pending"
"common","commun","共同的; 普通的; 劣质的","false_friend","0.20","0.90","high","4","Two visual source records","Kirk-Greene and TEM4","LEXI_BRIDGE_FF4","FF4_V1","LEXI_BRIDGE_FF4-0060","true","false-friend|tem4|lexi-bridge","ready","pending"
"chic","chic","时髦; 天赋; 体面、好心","false_friend","0.20","0.90","high","4","Two visual source records","Kirk-Greene and TEM4","LEXI_BRIDGE_FF4","FF4_V1","LEXI_BRIDGE_FF4-0061","true","false-friend|tem4|lexi-bridge","ready","pending"
"citizen","citadin","城市居民","false_friend","0.20","0.90","high","4","Two visual source records","Kirk-Greene and TEM4","LEXI_BRIDGE_FF4","FF4_V1","LEXI_BRIDGE_FF4-0062","true","false-friend|tem4|lexi-bridge","ready","pending"
"city","cité","城市; 大学生宿舍区; 工人住宅区","false_friend","0.20","0.90","high","4","Two visual source records","Kirk-Greene and TEM4","LEXI_BRIDGE_FF4","FF4_V1","LEXI_BRIDGE_FF4-0063","true","false-friend|tem4|lexi-bridge","ready","pending"
"rate","rater","错过; 失败","false_friend","0.20","0.90","high","4","Two visual source records","Kirk-Greene and TEM4","LEXI_BRIDGE_FF4","FF4_V1","LEXI_BRIDGE_FF4-0064","true","false-friend|tem4|lexi-bridge","ready","pending"
"savage","sauvage","野生的; 未驯化的; 害羞的; 自由的","false_friend","0.20","0.90","high","4","Two visual source records","Kirk-Greene and TEM4","LEXI_BRIDGE_FF4","FF4_V1","LEXI_BRIDGE_FF4-0065","true","false-friend|tem4|lexi-bridge","ready","pending"
"sage","sage","明智的; 懂事的","false_friend","0.20","0.90","high","4","Two visual source records","Kirk-Greene and TEM4","LEXI_BRIDGE_FF4","FF4_V1","LEXI_BRIDGE_FF4-0066","true","false-friend|tem4|lexi-bridge","ready","pending"
"sympathetic","sympathique","友好的; 讨人喜欢的; 同情的; 神经的","false_friend","0.20","0.90","high","4","Two visual source records","Kirk-Greene and TEM4","LEXI_BRIDGE_FF4","FF4_V1","LEXI_BRIDGE_FF4-0067","true","false-friend|tem4|lexi-bridge","ready","pending"
"jest","geste","手势","false_friend","0.20","0.90","high","4","Two visual source records","Kirk-Greene and TEM4","LEXI_BRIDGE_FF4","FF4_V1","LEXI_BRIDGE_FF4-0068","true","false-friend|tem4|lexi-bridge","ready","pending"
"grand","grand","高的; 大的; 伟大的; 宏伟的","false_friend","0.20","0.90","high","4","Two visual source records","Kirk-Greene and TEM4","LEXI_BRIDGE_FF4","FF4_V1","LEXI_BRIDGE_FF4-0069","true","false-friend|tem4|lexi-bridge","ready","pending"
"essence","essence","汽油; 树木种类","false_friend","0.20","0.90","high","4","Two visual source records","Kirk-Greene and TEM4","LEXI_BRIDGE_FF4","FF4_V1","LEXI_BRIDGE_FF4-0070","true","false-friend|tem4|lexi-bridge","ready","pending"
"mount","monter","上升; 登上; 爬上; 安装; 搬上","false_friend","0.20","0.90","high","4","Two visual source records","Kirk-Greene and TEM4","LEXI_BRIDGE_FF4","FF4_V1","LEXI_BRIDGE_FF4-0071","true","false-friend|tem4|lexi-bridge","ready","pending"
"return","retourner","翻到反面; 翻土; 返回; 推翻","false_friend","0.20","0.90","high","4","Two visual source records","Kirk-Greene and TEM4","LEXI_BRIDGE_FF4","FF4_V1","LEXI_BRIDGE_FF4-0072","true","false-friend|tem4|lexi-bridge","ready","pending"
"courier","courrier","信使; 邮件、邮政","false_friend","0.20","0.90","high","4","Two visual source records","Kirk-Greene and TEM4","LEXI_BRIDGE_FF4","FF4_V1","LEXI_BRIDGE_FF4-0073","true","false-friend|tem4|lexi-bridge","ready","pending"
"pick","piquer","刺; 蜇; 注射; 偷窃; 采摘; 啄","false_friend","0.20","0.90","high","4","Two visual source records","Kirk-Greene and TEM4","LEXI_BRIDGE_FF4","FF4_V1","LEXI_BRIDGE_FF4-0074","true","false-friend|tem4|lexi-bridge","ready","pending"
"humane","humain","人的; 人道的","false_friend","0.20","0.90","high","4","Two visual source records","Kirk-Greene and TEM4","LEXI_BRIDGE_FF4","FF4_V1","LEXI_BRIDGE_FF4-0075","true","false-friend|tem4|lexi-bridge","ready","pending"
"receipt","recette","收入; 票房收入; 食谱","false_friend","0.20","0.90","high","4","Two visual source records","Kirk-Greene and TEM4","LEXI_BRIDGE_FF4","FF4_V1","LEXI_BRIDGE_FF4-0076","true","false-friend|tem4|lexi-bridge","ready","pending"
"cotton","coton","棉花; 药棉","false_friend","0.20","0.90","high","4","Two visual source records","Kirk-Greene and TEM4","LEXI_BRIDGE_FF4","FF4_V1","LEXI_BRIDGE_FF4-0077","true","false-friend|tem4|lexi-bridge","ready","pending"
"research","rechercher","寻找; 搜寻; 追求","false_friend","0.20","0.90","high","4","Two visual source records","Kirk-Greene and TEM4","LEXI_BRIDGE_FF4","FF4_V1","LEXI_BRIDGE_FF4-0078","true","false-friend|tem4|lexi-bridge","ready","pending"
"sense","sens","意义; 方向; 上下颠倒","false_friend","0.20","0.90","high","4","Two visual source records","Kirk-Greene and TEM4","LEXI_BRIDGE_FF4","FF4_V1","LEXI_BRIDGE_FF4-0079","true","false-friend|tem4|lexi-bridge","ready","pending"
"money","monnaie","货币; 纸币; 硬币; 零钱; 常规做法","false_friend","0.20","0.90","high","4","Two visual source records","Kirk-Greene and TEM4","LEXI_BRIDGE_FF4","FF4_V1","LEXI_BRIDGE_FF4-0080","true","false-friend|tem4|lexi-bridge","ready","pending"
"matter","matière","物质; 材料; 科目; 事情","false_friend","0.20","0.90","high","4","Two visual source records","Kirk-Greene and TEM4","LEXI_BRIDGE_FF4","FF4_V1","LEXI_BRIDGE_FF4-0081","true","false-friend|tem4|lexi-bridge","ready","pending"
"support","supporter","忍受; 容忍; 承受","false_friend","0.20","0.90","high","4","Two visual source records","Kirk-Greene and TEM4","LEXI_BRIDGE_FF4","FF4_V1","LEXI_BRIDGE_FF4-0082","true","false-friend|tem4|lexi-bridge","ready","pending"
"cover","couvert","餐具; 餐位; 服务费; 遮盖","false_friend","0.20","0.90","high","4","Two visual source records","Kirk-Greene and TEM4","LEXI_BRIDGE_FF4","FF4_V1","LEXI_BRIDGE_FF4-0083","true","false-friend|tem4|lexi-bridge","ready","pending"
"tribune","tribune","看台; 教堂走廊; 讲台; 管风琴阁","false_friend","0.20","0.90","high","4","Two visual source records","Kirk-Greene and TEM4","LEXI_BRIDGE_FF4","FF4_V1","LEXI_BRIDGE_FF4-0084","true","false-friend|tem4|lexi-bridge","ready","pending"
"lie","lier","捆绑; 连接; 交谈; 使变稠; 被褥缠身","false_friend","0.20","0.90","high","4","Two visual source records","Kirk-Greene and TEM4","LEXI_BRIDGE_FF4","FF4_V1","LEXI_BRIDGE_FF4-0085","true","false-friend|tem4|lexi-bridge","ready","pending"
"factor","facteur","邮递员; 风琴制造者; 钢琴制造者; 因素","false_friend","0.20","0.90","high","4","Two visual source records","Kirk-Greene and TEM4","LEXI_BRIDGE_FF4","FF4_V1","LEXI_BRIDGE_FF4-0086","true","false-friend|tem4|lexi-bridge","ready","pending"
"reform","réformer","改革; 退伍; 淘汰","false_friend","0.20","0.90","high","4","Two visual source records","Kirk-Greene and TEM4","LEXI_BRIDGE_FF4","FF4_V1","LEXI_BRIDGE_FF4-0087","true","false-friend|tem4|lexi-bridge","ready","pending"
"timbre","timbre","音色; 小铃; 印章; 邮票","false_friend","0.20","0.90","high","4","Two visual source records","Kirk-Greene and TEM4","LEXI_BRIDGE_FF4","FF4_V1","LEXI_BRIDGE_FF4-0088","true","false-friend|tem4|lexi-bridge","ready","pending"
"prevent","prévenir","预先警告; 通知; 预防; 偏见影响","false_friend","0.20","0.90","high","4","Two visual source records","Kirk-Greene and TEM4","LEXI_BRIDGE_FF4","FF4_V1","LEXI_BRIDGE_FF4-0089","true","false-friend|tem4|lexi-bridge","ready","pending"
"version","version","版本; 译成母语的翻译练习","false_friend","0.20","0.90","high","4","Two visual source records","Kirk-Greene and TEM4","LEXI_BRIDGE_FF4","FF4_V1","LEXI_BRIDGE_FF4-0090","true","false-friend|tem4|lexi-bridge","ready","pending"
"exceed","excéder","使厌烦; 使恼怒; 超过","false_friend","0.20","0.90","high","4","Two visual source records","Kirk-Greene and TEM4","LEXI_BRIDGE_FF4","FF4_V1","LEXI_BRIDGE_FF4-0091","true","false-friend|tem4|lexi-bridge","ready","pending"
"cravat","cravate","领带","false_friend","0.20","0.90","high","4","Two visual source records","Kirk-Greene and TEM4","LEXI_BRIDGE_FF4","FF4_V1","LEXI_BRIDGE_FF4-0092","true","false-friend|tem4|lexi-bridge","ready","pending"
"sign","signer","签署; 画十字圣号（se signer）","false_friend","0.20","0.90","high","4","Two visual source records","Kirk-Greene and TEM4","LEXI_BRIDGE_FF4","FF4_V1","LEXI_BRIDGE_FF4-0093","true","false-friend|tem4|lexi-bridge","ready","pending"
"crack","craquer","发出破裂声; 裂开; 崩溃; 划火柴","false_friend","0.20","0.90","high","4","Two visual source records","Kirk-Greene and TEM4","LEXI_BRIDGE_FF4","FF4_V1","LEXI_BRIDGE_FF4-0094","true","false-friend|tem4|lexi-bridge","ready","pending"
"industry","industrie","工业; 技艺; 勤奋","false_friend","0.20","0.90","high","4","Two visual source records","Kirk-Greene and TEM4","LEXI_BRIDGE_FF4","FF4_V1","LEXI_BRIDGE_FF4-0095","true","false-friend|tem4|lexi-bridge","ready","pending"
"genius","génie","天才; 精灵; 工程兵","false_friend","0.20","0.90","high","4","Two visual source records","Kirk-Greene and TEM4","LEXI_BRIDGE_FF4","FF4_V1","LEXI_BRIDGE_FF4-0096","true","false-friend|tem4|lexi-bridge","ready","pending"
"edify","édifier","启迪; 建造; 竖立","false_friend","0.20","0.90","high","4","Two visual source records","Kirk-Greene and TEM4","LEXI_BRIDGE_FF4","FF4_V1","LEXI_BRIDGE_FF4-0097","true","false-friend|tem4|lexi-bridge","ready","pending"
"station","station","小站; 地铁站; 出租车站; 研究站; 度假地; 停顿","false_friend","0.20","0.90","high","4","Two visual source records","Kirk-Greene and TEM4","LEXI_BRIDGE_FF4","FF4_V1","LEXI_BRIDGE_FF4-0098","true","false-friend|tem4|lexi-bridge","ready","pending"
"familiar","familier","熟悉的; 宠物的","false_friend","0.20","0.90","high","4","Two visual source records","Kirk-Greene and TEM4","LEXI_BRIDGE_FF4","FF4_V1","LEXI_BRIDGE_FF4-0099","true","false-friend|tem4|lexi-bridge","ready","pending"
"rubric","rubrique","栏目; 标题","false_friend","0.20","0.90","high","4","Two visual source records","Kirk-Greene and TEM4","LEXI_BRIDGE_FF4","FF4_V1","LEXI_BRIDGE_FF4-0100","true","false-friend|tem4|lexi-bridge","ready","pending"
"piece","pièce","一块; 肉块; 钱币; 硬币; 零件; 衣料; 证件; 戏剧; 房间","false_friend","0.20","0.90","high","4","Two visual source records","Kirk-Greene and TEM4","LEXI_BRIDGE_FF4","FF4_V1","LEXI_BRIDGE_FF4-0101","true","false-friend|tem4|lexi-bridge","ready","pending"
"stage","stage","实习期; 培训课程","false_friend","0.20","0.90","high","4","Two visual source records","Kirk-Greene and TEM4","LEXI_BRIDGE_FF4","FF4_V1","LEXI_BRIDGE_FF4-0102","true","false-friend|tem4|lexi-bridge","ready","pending"
"mercy","merci","谢谢; 怜悯","false_friend","0.20","0.90","high","4","Two visual source records","Kirk-Greene and TEM4","LEXI_BRIDGE_FF4","FF4_V1","LEXI_BRIDGE_FF4-0103","true","false-friend|tem4|lexi-bridge","ready","pending"
"reclaim","réclamer","抱怨; 索要; 要求","false_friend","0.20","0.90","high","4","Two visual source records","Kirk-Greene and TEM4","LEXI_BRIDGE_FF4","FF4_V1","LEXI_BRIDGE_FF4-0104","true","false-friend|tem4|lexi-bridge","ready","pending"
"figure","figure","脸; 形状; 轮廓; 数字; 身材","false_friend","0.20","0.90","high","4","Two visual source records","Kirk-Greene and TEM4","LEXI_BRIDGE_FF4","FF4_V1","LEXI_BRIDGE_FF4-0105","true","false-friend|tem4|lexi-bridge","ready","pending"
"rentable","rentable","有利可图的; 赚钱的","false_friend","0.20","0.90","high","4","Two visual source records","Kirk-Greene and TEM4","LEXI_BRIDGE_FF4","FF4_V1","LEXI_BRIDGE_FF4-0106","true","false-friend|tem4|lexi-bridge","ready","pending"
"monument","monument","纪念碑; 历史建筑; 名胜建筑","false_friend","0.20","0.90","high","4","Two visual source records","Kirk-Greene and TEM4","LEXI_BRIDGE_FF4","FF4_V1","LEXI_BRIDGE_FF4-0107","true","false-friend|tem4|lexi-bridge","ready","pending"
"effective","effectif","实际的; 真实的; 生效的","false_friend","0.20","0.90","high","4","Two visual source records","Kirk-Greene and TEM4","LEXI_BRIDGE_FF4","FF4_V1","LEXI_BRIDGE_FF4-0108","true","false-friend|tem4|lexi-bridge","ready","pending"
"formidable","formidable","极好的; 令人敬畏的","false_friend","0.20","0.90","high","4","Two visual source records","Kirk-Greene and TEM4","LEXI_BRIDGE_FF4","FF4_V1","LEXI_BRIDGE_FF4-0109","true","false-friend|tem4|lexi-bridge","ready","pending"
"offer","offrir","给; 赠送; 请客; 犒劳自己","false_friend","0.20","0.90","high","4","Two visual source records","Kirk-Greene and TEM4","LEXI_BRIDGE_FF4","FF4_V1","LEXI_BRIDGE_FF4-0110","true","false-friend|tem4|lexi-bridge","ready","pending"
"detail","détail","细节; 零售","false_friend","0.20","0.90","high","4","Two visual source records","Kirk-Greene and TEM4","LEXI_BRIDGE_FF4","FF4_V1","LEXI_BRIDGE_FF4-0111","true","false-friend|tem4|lexi-bridge","ready","pending"
"serious","sérieux","严肃的; 可靠的; 认真负责的","false_friend","0.20","0.90","high","4","Two visual source records","Kirk-Greene and TEM4","LEXI_BRIDGE_FF4","FF4_V1","LEXI_BRIDGE_FF4-0112","true","false-friend|tem4|lexi-bridge","ready","pending"
"organism","organisme","生物体; 组织机构","false_friend","0.20","0.90","high","4","Two visual source records","Kirk-Greene and TEM4","LEXI_BRIDGE_FF4","FF4_V1","LEXI_BRIDGE_FF4-0113","true","false-friend|tem4|lexi-bridge","ready","pending"
"file","file","队列; 一列; 档案夹; 金属锉","false_friend","0.20","0.90","high","4","Two visual source records","Kirk-Greene and TEM4","LEXI_BRIDGE_FF4","FF4_V1","LEXI_BRIDGE_FF4-0114","true","false-friend|tem4|lexi-bridge","ready","pending"
"souvenir","souvenir","记忆; 纪念品","false_friend","0.20","0.90","high","4","Two visual source records","Kirk-Greene and TEM4","LEXI_BRIDGE_FF4","FF4_V1","LEXI_BRIDGE_FF4-0115","true","false-friend|tem4|lexi-bridge","ready","pending"
"march","marcher","行进; 步行; 运转; 进行","false_friend","0.20","0.90","high","4","Two visual source records","Kirk-Greene and TEM4","LEXI_BRIDGE_FF4","FF4_V1","LEXI_BRIDGE_FF4-0116","true","false-friend|tem4|lexi-bridge","ready","pending"
"order","ordonner","命令; 整理; 开药; 授圣职","false_friend","0.20","0.90","high","4","Two visual source records","Kirk-Greene and TEM4","LEXI_BRIDGE_FF4","FF4_V1","LEXI_BRIDGE_FF4-0117","true","false-friend|tem4|lexi-bridge","ready","pending"
"vulgar","vulgaire","普通的; 日常的; 粗俗的","false_friend","0.20","0.90","high","4","Two visual source records","Kirk-Greene and TEM4","LEXI_BRIDGE_FF4","FF4_V1","LEXI_BRIDGE_FF4-0118","true","false-friend|tem4|lexi-bridge","ready","pending"
"fatal","fatal","不可避免的; 命中注定的","false_friend","0.20","0.90","high","4","Two visual source records","Kirk-Greene and TEM4","LEXI_BRIDGE_FF4","FF4_V1","LEXI_BRIDGE_FF4-0119","true","false-friend|tem4|lexi-bridge","ready","pending"
"queue","queue","队伍; 尾巴; 尾端; 把手; 果梗; 台球杆","false_friend","0.20","0.90","high","4","Two visual source records","Kirk-Greene and TEM4","LEXI_BRIDGE_FF4","FF4_V1","LEXI_BRIDGE_FF4-0120","true","false-friend|tem4|lexi-bridge","ready","pending"
"vein","veine","静脉; 好运（口语）","false_friend","0.20","0.90","high","4","Two visual source records","Kirk-Greene and TEM4","LEXI_BRIDGE_FF4","FF4_V1","LEXI_BRIDGE_FF4-0121","true","false-friend|tem4|lexi-bridge","ready","pending"
"car","car","长途汽车; 客车; 警车厢式车","false_friend","0.20","0.90","high","4","Two visual source records","Kirk-Greene and TEM4","LEXI_BRIDGE_FF4","FF4_V1","LEXI_BRIDGE_FF4-0122","true","false-friend|tem4|lexi-bridge","ready","pending"
"just","juste","公正的; 正确的; 准确的; 刚好; 恰好","false_friend","0.20","0.90","high","4","Two visual source records","Kirk-Greene and TEM4","LEXI_BRIDGE_FF4","FF4_V1","LEXI_BRIDGE_FF4-0123","true","false-friend|tem4|lexi-bridge","ready","pending"
"scholar","scolaire","在校学生","false_friend","0.20","0.90","high","4","Two visual source records","Kirk-Greene and TEM4","LEXI_BRIDGE_FF4","FF4_V1","LEXI_BRIDGE_FF4-0124","true","false-friend|tem4|lexi-bridge","ready","pending"
"sort","sort","命运; 处置; 魔法","false_friend","0.20","0.90","high","4","Two visual source records","Kirk-Greene and TEM4","LEXI_BRIDGE_FF4","FF4_V1","LEXI_BRIDGE_FF4-0125","true","false-friend|tem4|lexi-bridge","ready","pending"
"paradise","paradis","天堂; 剧院顶层座位","false_friend","0.20","0.90","high","4","Two visual source records","Kirk-Greene and TEM4","LEXI_BRIDGE_FF4","FF4_V1","LEXI_BRIDGE_FF4-0126","true","false-friend|tem4|lexi-bridge","ready","pending"
"touch","toucher","触摸; 涉及; 领到钱; 抽取配给","false_friend","0.20","0.90","high","4","Two visual source records","Kirk-Greene and TEM4","LEXI_BRIDGE_FF4","FF4_V1","LEXI_BRIDGE_FF4-0127","true","false-friend|tem4|lexi-bridge","ready","pending"
"terrible","terrible","非常好的; 可怕的","false_friend","0.20","0.90","high","4","Two visual source records","Kirk-Greene and TEM4","LEXI_BRIDGE_FF4","FF4_V1","LEXI_BRIDGE_FF4-0128","true","false-friend|tem4|lexi-bridge","ready","pending"
"zinc","zinc","锌; 酒吧柜台; 飞机（口语）","false_friend","0.20","0.90","high","4","Two visual source records","Kirk-Greene and TEM4","LEXI_BRIDGE_FF4","FF4_V1","LEXI_BRIDGE_FF4-0129","true","false-friend|tem4|lexi-bridge","ready","pending"
"place","place","位置; 座位; 空位; 工作; 市场广场","false_friend","0.20","0.90","high","4","Two visual source records","Kirk-Greene and TEM4","LEXI_BRIDGE_FF4","FF4_V1","LEXI_BRIDGE_FF4-0130","true","false-friend|tem4|lexi-bridge","ready","pending"
"port","port","港口; 穿戴方式; 波特酒; 避风处","false_friend","0.20","0.90","high","4","Two visual source records","Kirk-Greene and TEM4","LEXI_BRIDGE_FF4","FF4_V1","LEXI_BRIDGE_FF4-0131","true","false-friend|tem4|lexi-bridge","ready","pending"
"use","user","磨损; 消耗","false_friend","0.20","0.90","high","4","Two visual source records","Kirk-Greene and TEM4","LEXI_BRIDGE_FF4","FF4_V1","LEXI_BRIDGE_FF4-0132","true","false-friend|tem4|lexi-bridge","ready","pending"
"derive","dériver","派生; 改道; 漂流","false_friend","0.20","0.90","high","4","Two visual source records","Kirk-Greene and TEM4","LEXI_BRIDGE_FF4","FF4_V1","LEXI_BRIDGE_FF4-0133","true","false-friend|tem4|lexi-bridge","ready","pending"
"lot","lot","份额; 地块; 命运; 大奖; 一批","false_friend","0.20","0.90","high","4","Two visual source records","Kirk-Greene and TEM4","LEXI_BRIDGE_FF4","FF4_V1","LEXI_BRIDGE_FF4-0134","true","false-friend|tem4|lexi-bridge","ready","pending"
"card","carte","卡片; 地图; 菜单","false_friend","0.20","0.90","high","4","Two visual source records","Kirk-Greene and TEM4","LEXI_BRIDGE_FF4","FF4_V1","LEXI_BRIDGE_FF4-0135","true","false-friend|tem4|lexi-bridge","ready","pending"
"polite","poli","有礼貌的; 抛光的","false_friend","0.20","0.90","high","4","Two visual source records","Kirk-Greene and TEM4","LEXI_BRIDGE_FF4","FF4_V1","LEXI_BRIDGE_FF4-0136","true","false-friend|tem4|lexi-bridge","ready","pending"
"gross","gros","大的; 胖的; 粗大的; 响亮的","false_friend","0.20","0.90","high","4","Two visual source records","Kirk-Greene and TEM4","LEXI_BRIDGE_FF4","FF4_V1","LEXI_BRIDGE_FF4-0137","true","false-friend|tem4|lexi-bridge","ready","pending"
"memorandum","mémoire","备忘录; 业务报告; 论文; 回忆录","false_friend","0.20","0.90","high","4","Two visual source records","Kirk-Greene and TEM4","LEXI_BRIDGE_FF4","FF4_V1","LEXI_BRIDGE_FF4-0138","true","false-friend|tem4|lexi-bridge","ready","pending"
"mandate","mandat","委任; 汇票; 授权","false_friend","0.20","0.90","high","4","Two visual source records","Kirk-Greene and TEM4","LEXI_BRIDGE_FF4","FF4_V1","LEXI_BRIDGE_FF4-0139","true","false-friend|tem4|lexi-bridge","ready","pending"
"sacred","sacré","神圣的; 该死的（加强/贬义）","false_friend","0.20","0.90","high","4","Two visual source records","Kirk-Greene and TEM4","LEXI_BRIDGE_FF4","FF4_V1","LEXI_BRIDGE_FF4-0140","true","false-friend|tem4|lexi-bridge","ready","pending"
"gout","goutte","水滴; 少量","false_friend","0.20","0.90","high","4","Two visual source records","Kirk-Greene and TEM4","LEXI_BRIDGE_FF4","FF4_V1","LEXI_BRIDGE_FF4-0141","true","false-friend|tem4|lexi-bridge","ready","pending"
"collar","col","衣领; 山口; 瓶颈","false_friend","0.20","0.90","high","4","Two visual source records","Kirk-Greene and TEM4","LEXI_BRIDGE_FF4","FF4_V1","LEXI_BRIDGE_FF4-0142","true","false-friend|tem4|lexi-bridge","ready","pending"
"original","original","原件; 怪人","false_friend","0.20","0.90","high","4","Two visual source records","Kirk-Greene and TEM4","LEXI_BRIDGE_FF4","FF4_V1","LEXI_BRIDGE_FF4-0143","true","false-friend|tem4|lexi-bridge","ready","pending"
"panel","panneau","镶板; 围栏; 路标; 陷阱","false_friend","0.20","0.90","high","4","Two visual source records","Kirk-Greene and TEM4","LEXI_BRIDGE_FF4","FF4_V1","LEXI_BRIDGE_FF4-0144","true","false-friend|tem4|lexi-bridge","ready","pending"
"epoch","époque","时代; 时期; 当时","false_friend","0.20","0.90","high","4","Two visual source records","Kirk-Greene and TEM4","LEXI_BRIDGE_FF4","FF4_V1","LEXI_BRIDGE_FF4-0145","true","false-friend|tem4|lexi-bridge","ready","pending"
"roll","rouler","滚动; 行进; 旅行; 欺骗","false_friend","0.20","0.90","high","4","Two visual source records","Kirk-Greene and TEM4","LEXI_BRIDGE_FF4","FF4_V1","LEXI_BRIDGE_FF4-0146","true","false-friend|tem4|lexi-bridge","ready","pending"
"movement","mouvement","运动; 冲动; 反应; 怒火爆发","false_friend","0.20","0.90","high","4","Two visual source records","Kirk-Greene and TEM4","LEXI_BRIDGE_FF4","FF4_V1","LEXI_BRIDGE_FF4-0147","true","false-friend|tem4|lexi-bridge","ready","pending"
"monitor","moniteur","体育教练; 辅导员; 夏令营工作人员","false_friend","0.20","0.90","high","4","Two visual source records","Kirk-Greene and TEM4","LEXI_BRIDGE_FF4","FF4_V1","LEXI_BRIDGE_FF4-0148","true","false-friend|tem4|lexi-bridge","ready","pending"
"resume","résumer","概括; 总结","false_friend","0.20","0.90","high","4","Two visual source records","Kirk-Greene and TEM4","LEXI_BRIDGE_FF4","FF4_V1","LEXI_BRIDGE_FF4-0149","true","false-friend|tem4|lexi-bridge","ready","pending"
"serviette","serviette","毛巾; 餐巾; 公文包","false_friend","0.20","0.90","high","4","Two visual source records","Kirk-Greene and TEM4","LEXI_BRIDGE_FF4","FF4_V1","LEXI_BRIDGE_FF4-0150","true","false-friend|tem4|lexi-bridge","ready","pending"
"castle","château","城堡; 宫殿; 乡间大宅; 水塔","false_friend","0.20","0.90","high","4","Two visual source records","Kirk-Greene and TEM4","LEXI_BRIDGE_FF4","FF4_V1","LEXI_BRIDGE_FF4-0151","true","false-friend|tem4|lexi-bridge","ready","pending"
"charge","charger","装载; 使负担; 索价; （法律）控告","false_friend","0.20","0.90","high","4","Two visual source records","Kirk-Greene and TEM4","LEXI_BRIDGE_FF4","FF4_V1","LEXI_BRIDGE_FF4-0152","true","false-friend|tem4|lexi-bridge","ready","pending"
"charge","charge","负担; 职责; 照料; 收费","false_friend","0.20","0.90","high","4","Two visual source records","Kirk-Greene and TEM4","LEXI_BRIDGE_FF4","FF4_V1","LEXI_BRIDGE_FF4-0153","true","false-friend|tem4|lexi-bridge","ready","pending"
"contest","contester","争议; 抗议; 反对","false_friend","0.20","0.90","high","4","Two visual source records","Kirk-Greene and TEM4","LEXI_BRIDGE_FF4","FF4_V1","LEXI_BRIDGE_FF4-0154","true","false-friend|tem4|lexi-bridge","ready","pending"
"pretend","prétendre","要求; 声称","false_friend","0.20","0.90","high","4","Two visual source records","Kirk-Greene and TEM4","LEXI_BRIDGE_FF4","FF4_V1","LEXI_BRIDGE_FF4-0155","true","false-friend|tem4|lexi-bridge","ready","pending"
"impression","impression","印象; 印刷; 错印","false_friend","0.20","0.90","high","4","Two visual source records","Kirk-Greene and TEM4","LEXI_BRIDGE_FF4","FF4_V1","LEXI_BRIDGE_FF4-0156","true","false-friend|tem4|lexi-bridge","ready","pending"
"confused","confus","困惑的; 尴尬的","false_friend","0.20","0.90","high","4","Two visual source records","Kirk-Greene and TEM4","LEXI_BRIDGE_FF4","FF4_V1","LEXI_BRIDGE_FF4-0157","true","false-friend|tem4|lexi-bridge","ready","pending"
"scene","scène","戏剧场景; 事件发生地点","false_friend","0.20","0.90","high","4","Two visual source records","Kirk-Greene and TEM4","LEXI_BRIDGE_FF4","FF4_V1","LEXI_BRIDGE_FF4-0158","true","false-friend|tem4|lexi-bridge","ready","pending"
"demand","demander","询问; 请求; 想知道; 叫牌","false_friend","0.20","0.90","high","4","Two visual source records","Kirk-Greene and TEM4","LEXI_BRIDGE_FF4","FF4_V1","LEXI_BRIDGE_FF4-0159","true","false-friend|tem4|lexi-bridge","ready","pending"
"fume","fumer","吸烟; 发怒; 施肥","false_friend","0.20","0.90","high","4","Two visual source records","Kirk-Greene and TEM4","LEXI_BRIDGE_FF4","FF4_V1","LEXI_BRIDGE_FF4-0160","true","false-friend|tem4|lexi-bridge","ready","pending"
"pilot","pilote","飞行员; 驾驶员; 船舶引航员; 试验性的; 低价的","false_friend","0.20","0.90","high","4","Two visual source records","Kirk-Greene and TEM4","LEXI_BRIDGE_FF4","FF4_V1","LEXI_BRIDGE_FF4-0161","true","false-friend|tem4|lexi-bridge","ready","pending"
"fever","fièvre","发烧; 兴奋","false_friend","0.20","0.90","high","4","Two visual source records","Kirk-Greene and TEM4","LEXI_BRIDGE_FF4","FF4_V1","LEXI_BRIDGE_FF4-0162","true","false-friend|tem4|lexi-bridge","ready","pending"
"repass","repasser","再经过; 重越; 重考; 熨烫; 再次拜访","false_friend","0.20","0.90","high","4","Two visual source records","Kirk-Greene and TEM4","LEXI_BRIDGE_FF4","FF4_V1","LEXI_BRIDGE_FF4-0163","true","false-friend|tem4|lexi-bridge","ready","pending"
"retire","retirer","拉回; 撤回; 移走; 退休; 退出","false_friend","0.20","0.90","high","4","Two visual source records","Kirk-Greene and TEM4","LEXI_BRIDGE_FF4","FF4_V1","LEXI_BRIDGE_FF4-0164","true","false-friend|tem4|lexi-bridge","ready","pending"
"foyer","foyer","家; 炉边; 俱乐部; 中心; 病灶","false_friend","0.20","0.90","high","4","Two visual source records","Kirk-Greene and TEM4","LEXI_BRIDGE_FF4","FF4_V1","LEXI_BRIDGE_FF4-0165","true","false-friend|tem4|lexi-bridge","ready","pending"
"cause","cause","原因; 诉讼案件; 起诉","false_friend","0.20","0.90","high","4","Two visual source records","Kirk-Greene and TEM4","LEXI_BRIDGE_FF4","FF4_V1","LEXI_BRIDGE_FF4-0166","true","false-friend|tem4|lexi-bridge","ready","pending"
"toil","toile","布料; 亚麻布; 帆布; 背景幕布; 蛛网","false_friend","0.20","0.90","high","4","Two visual source records","Kirk-Greene and TEM4","LEXI_BRIDGE_FF4","FF4_V1","LEXI_BRIDGE_FF4-0167","true","false-friend|tem4|lexi-bridge","ready","pending"
"embarrassment","embarras","困难; 经济拮据; 选择困难; 肠胃不适","false_friend","0.20","0.90","high","4","Two visual source records","Kirk-Greene and TEM4","LEXI_BRIDGE_FF4","FF4_V1","LEXI_BRIDGE_FF4-0168","true","false-friend|tem4|lexi-bridge","ready","pending"
"conduct","conduire","引导; 驾驶; 输送; 行为举止","false_friend","0.20","0.90","high","4","Two visual source records","Kirk-Greene and TEM4","LEXI_BRIDGE_FF4","FF4_V1","LEXI_BRIDGE_FF4-0169","true","false-friend|tem4|lexi-bridge","ready","pending"
"primitive","primitif","原始的; 最初的","false_friend","0.20","0.90","high","4","Two visual source records","Kirk-Greene and TEM4","LEXI_BRIDGE_FF4","FF4_V1","LEXI_BRIDGE_FF4-0170","true","false-friend|tem4|lexi-bridge","ready","pending"
"kiosk","kiosque","报刊亭; 花亭; 音乐台; 船舶驾驶室; 潜艇指挥塔; 夏季别墅","false_friend","0.20","0.90","high","4","Two visual source records","Kirk-Greene and TEM4","LEXI_BRIDGE_FF4","FF4_V1","LEXI_BRIDGE_FF4-0171","true","false-friend|tem4|lexi-bridge","ready","pending"
"traffic","trafic","交通运输","false_friend","0.20","0.90","high","4","Two visual source records","Kirk-Greene and TEM4","LEXI_BRIDGE_FF4","FF4_V1","LEXI_BRIDGE_FF4-0172","true","false-friend|tem4|lexi-bridge","ready","pending"
"cause","causer","导致; 聊天","false_friend","0.20","0.90","high","4","Two visual source records","Kirk-Greene and TEM4","LEXI_BRIDGE_FF4","FF4_V1","LEXI_BRIDGE_FF4-0173","true","false-friend|tem4|lexi-bridge","ready","pending"
"tablet","tablette","小桌板; 巧克力块; 搁板","false_friend","0.20","0.90","high","4","Two visual source records","Kirk-Greene and TEM4","LEXI_BRIDGE_FF4","FF4_V1","LEXI_BRIDGE_FF4-0174","true","false-friend|tem4|lexi-bridge","ready","pending"
"superb","superbe","极好的; 傲慢的","false_friend","0.20","0.90","high","4","Two visual source records","Kirk-Greene and TEM4","LEXI_BRIDGE_FF4","FF4_V1","LEXI_BRIDGE_FF4-0175","true","false-friend|tem4|lexi-bridge","ready","pending"
"Provence","province","省; 外省; 乡下（相对巴黎）","false_friend","0.20","0.90","high","4","Two visual source records","Kirk-Greene and TEM4","LEXI_BRIDGE_FF4","FF4_V1","LEXI_BRIDGE_FF4-0176","true","false-friend|tem4|lexi-bridge","ready","pending"
"treat","traiter","处理; 称呼; 款待; 请客","false_friend","0.20","0.90","high","4","Two visual source records","Kirk-Greene and TEM4","LEXI_BRIDGE_FF4","FF4_V1","LEXI_BRIDGE_FF4-0177","true","false-friend|tem4|lexi-bridge","ready","pending"
"career","carrière","职业生涯; 采石场; 外交部门","false_friend","0.20","0.90","high","4","Two visual source records","Kirk-Greene and TEM4","LEXI_BRIDGE_FF4","FF4_V1","LEXI_BRIDGE_FF4-0178","true","false-friend|tem4|lexi-bridge","ready","pending"
"former","former","形成; 制造; 塑造; 培养; 教育","false_friend","0.20","0.90","high","4","Two visual source records","Kirk-Greene and TEM4","LEXI_BRIDGE_FF4","FF4_V1","LEXI_BRIDGE_FF4-0179","true","false-friend|tem4|lexi-bridge","ready","pending"
"experience","expérience","经验; 实验","false_friend","0.20","0.90","high","4","Two visual source records","Kirk-Greene and TEM4","LEXI_BRIDGE_FF4","FF4_V1","LEXI_BRIDGE_FF4-0180","true","false-friend|tem4|lexi-bridge","ready","pending"
"salute","saluer","打招呼; 致意; 挥手","false_friend","0.20","0.90","high","4","Two visual source records","Kirk-Greene and TEM4","LEXI_BRIDGE_FF4","FF4_V1","LEXI_BRIDGE_FF4-0181","true","false-friend|tem4|lexi-bridge","ready","pending"
"detach","détacher","分离; 清除污渍","false_friend","0.20","0.90","high","4","Two visual source records","Kirk-Greene and TEM4","LEXI_BRIDGE_FF4","FF4_V1","LEXI_BRIDGE_FF4-0182","true","false-friend|tem4|lexi-bridge","ready","pending"
"salary","salaire","工资","false_friend","0.20","0.90","high","4","Two visual source records","Kirk-Greene and TEM4","LEXI_BRIDGE_FF4","FF4_V1","LEXI_BRIDGE_FF4-0183","true","false-friend|tem4|lexi-bridge","ready","pending"
"hardy","hardi","大胆的; 勇敢的","false_friend","0.20","0.90","high","4","Two visual source records","Kirk-Greene and TEM4","LEXI_BRIDGE_FF4","FF4_V1","LEXI_BRIDGE_FF4-0184","true","false-friend|tem4|lexi-bridge","ready","pending"
"toilet","toilette","梳洗; 穿戴; 女装; 梳妆台; 卫生间","false_friend","0.20","0.90","high","4","Two visual source records","Kirk-Greene and TEM4","LEXI_BRIDGE_FF4","FF4_V1","LEXI_BRIDGE_FF4-0185","true","false-friend|tem4|lexi-bridge","ready","pending"
"spectacle","spectacle","演出; 景象; 眼镜（复数）","false_friend","0.20","0.90","high","4","Two visual source records","Kirk-Greene and TEM4","LEXI_BRIDGE_FF4","FF4_V1","LEXI_BRIDGE_FF4-0186","true","false-friend|tem4|lexi-bridge","ready","pending"
"flatter","flatter","奉承; 取悦; 抚摸","false_friend","0.20","0.90","high","4","Two visual source records","Kirk-Greene and TEM4","LEXI_BRIDGE_FF4","FF4_V1","LEXI_BRIDGE_FF4-0187","true","false-friend|tem4|lexi-bridge","ready","pending"
"domain","domaine","领地; 地产; 领域; 国家财产","false_friend","0.20","0.90","high","4","Two visual source records","Kirk-Greene and TEM4","LEXI_BRIDGE_FF4","FF4_V1","LEXI_BRIDGE_FF4-0188","true","false-friend|tem4|lexi-bridge","ready","pending"
"gum","gomme","树胶; 橡皮擦; 橡胶","false_friend","0.20","0.90","high","4","Two visual source records","Kirk-Greene and TEM4","LEXI_BRIDGE_FF4","FF4_V1","LEXI_BRIDGE_FF4-0189","true","false-friend|tem4|lexi-bridge","ready","pending"
"deputy","député","国民议会议员","false_friend","0.20","0.90","high","4","Two visual source records","Kirk-Greene and TEM4","LEXI_BRIDGE_FF4","FF4_V1","LEXI_BRIDGE_FF4-0190","true","false-friend|tem4|lexi-bridge","ready","pending"
"square","square","带花园的小广场","false_friend","0.20","0.90","high","4","Two visual source records","Kirk-Greene and TEM4","LEXI_BRIDGE_FF4","FF4_V1","LEXI_BRIDGE_FF4-0191","true","false-friend|tem4|lexi-bridge","ready","pending"
"regime","régime","政体; 制度; 一把香蕉; 饮食法","false_friend","0.20","0.90","high","4","Two visual source records","Kirk-Greene and TEM4","LEXI_BRIDGE_FF4","FF4_V1","LEXI_BRIDGE_FF4-0192","true","false-friend|tem4|lexi-bridge","ready","pending"
"sane","sain","健康的; 健全的; 安全的","false_friend","0.20","0.90","high","4","Two visual source records","Kirk-Greene and TEM4","LEXI_BRIDGE_FF4","FF4_V1","LEXI_BRIDGE_FF4-0193","true","false-friend|tem4|lexi-bridge","ready","pending"
"test","tester","测试; 立遗嘱","false_friend","0.20","0.90","high","4","Two visual source records","Kirk-Greene and TEM4","LEXI_BRIDGE_FF4","FF4_V1","LEXI_BRIDGE_FF4-0194","true","false-friend|tem4|lexi-bridge","ready","pending"
"trump","tromper","欺骗; 出错; 消磨时间","false_friend","0.20","0.90","high","4","Two visual source records","Kirk-Greene and TEM4","LEXI_BRIDGE_FF4","FF4_V1","LEXI_BRIDGE_FF4-0195","true","false-friend|tem4|lexi-bridge","ready","pending"
"complete","complet","完整的; 全满的","false_friend","0.20","0.90","high","4","Two visual source records","Kirk-Greene and TEM4","LEXI_BRIDGE_FF4","FF4_V1","LEXI_BRIDGE_FF4-0196","true","false-friend|tem4|lexi-bridge","ready","pending"
"superior","supérieur","较高的; 上层的; 上面的","false_friend","0.20","0.90","high","4","Two visual source records","Kirk-Greene and TEM4","LEXI_BRIDGE_FF4","FF4_V1","LEXI_BRIDGE_FF4-0197","true","false-friend|tem4|lexi-bridge","ready","pending"
"laborious","laborieux","费力的; 辛苦的; 勤劳的; 劳动阶级的","false_friend","0.20","0.90","high","4","Two visual source records","Kirk-Greene and TEM4","LEXI_BRIDGE_FF4","FF4_V1","LEXI_BRIDGE_FF4-0198","true","false-friend|tem4|lexi-bridge","ready","pending"
"vessel","vaisselle","餐具; 洗碗","false_friend","0.20","0.90","high","4","Two visual source records","Kirk-Greene and TEM4","LEXI_BRIDGE_FF4","FF4_V1","LEXI_BRIDGE_FF4-0199","true","false-friend|tem4|lexi-bridge","ready","pending"
"favour","faveur","恩惠; 偏爱; 保护","false_friend","0.20","0.90","high","4","Two visual source records","Kirk-Greene and TEM4","LEXI_BRIDGE_FF4","FF4_V1","LEXI_BRIDGE_FF4-0200","true","false-friend|tem4|lexi-bridge","ready","pending"
"reservoir","réservoir","水箱; 煤气表; 油箱; 鱼塘","false_friend","0.20","0.90","high","4","Two visual source records","Kirk-Greene and TEM4","LEXI_BRIDGE_FF4","FF4_V1","LEXI_BRIDGE_FF4-0201","true","false-friend|tem4|lexi-bridge","ready","pending"
"miner","mineur","矿工; 未成年人; 次要的","false_friend","0.20","0.90","high","4","Two visual source records","Kirk-Greene and TEM4","LEXI_BRIDGE_FF4","FF4_V1","LEXI_BRIDGE_FF4-0202","true","false-friend|tem4|lexi-bridge","ready","pending"
"issue","issue","出口; 出路; 紧急出口; 结果","false_friend","0.20","0.90","high","4","Two visual source records","Kirk-Greene and TEM4","LEXI_BRIDGE_FF4","FF4_V1","LEXI_BRIDGE_FF4-0203","true","false-friend|tem4|lexi-bridge","ready","pending"
"degree","degré","度; 台阶","false_friend","0.20","0.90","high","4","Two visual source records","Kirk-Greene and TEM4","LEXI_BRIDGE_FF4","FF4_V1","LEXI_BRIDGE_FF4-0204","true","false-friend|tem4|lexi-bridge","ready","pending"
"ordinary","ordinaire","日常惯例; 正常状态; 普通食物","false_friend","0.20","0.90","high","4","Two visual source records","Kirk-Greene and TEM4","LEXI_BRIDGE_FF4","FF4_V1","LEXI_BRIDGE_FF4-0205","true","false-friend|tem4|lexi-bridge","ready","pending"
"ventilate","ventiler","通风; 分别估价; 拆分分析","false_friend","0.20","0.90","high","4","Two visual source records","Kirk-Greene and TEM4","LEXI_BRIDGE_FF4","FF4_V1","LEXI_BRIDGE_FF4-0206","true","false-friend|tem4|lexi-bridge","ready","pending"
"language","langage","特定用语; 技术语言; 日常用语","false_friend","0.20","0.90","high","4","Two visual source records","Kirk-Greene and TEM4","LEXI_BRIDGE_FF4","FF4_V1","LEXI_BRIDGE_FF4-0207","true","false-friend|tem4|lexi-bridge","ready","pending"
"punctual","ponctuel","守时的; 技术上为局部的、特定的、精确的","false_friend","0.20","0.90","high","4","Two visual source records","Kirk-Greene and TEM4","LEXI_BRIDGE_FF4","FF4_V1","LEXI_BRIDGE_FF4-0208","true","false-friend|tem4|lexi-bridge","ready","pending"
"debut","début","开始; 开端; 初次登场","false_friend","0.20","0.90","high","4","Two visual source records","Kirk-Greene and TEM4","LEXI_BRIDGE_FF4","FF4_V1","LEXI_BRIDGE_FF4-0209","true","false-friend|tem4|lexi-bridge","ready","pending"
"perfume","parfum","香水; 香味; 冰淇淋口味","false_friend","0.20","0.90","high","4","Two visual source records","Kirk-Greene and TEM4","LEXI_BRIDGE_FF4","FF4_V1","LEXI_BRIDGE_FF4-0210","true","false-friend|tem4|lexi-bridge","ready","pending"
"objective","objectif","目标; 相机镜头","false_friend","0.20","0.90","high","4","Two visual source records","Kirk-Greene and TEM4","LEXI_BRIDGE_FF4","FF4_V1","LEXI_BRIDGE_FF4-0211","true","false-friend|tem4|lexi-bridge","ready","pending"
"consume","consommer","消费; 饮酒","false_friend","0.20","0.90","high","4","Two visual source records","Kirk-Greene and TEM4","LEXI_BRIDGE_FF4","FF4_V1","LEXI_BRIDGE_FF4-0212","true","false-friend|tem4|lexi-bridge","ready","pending"
"command","commander","命令; 点餐订购","false_friend","0.20","0.90","high","4","Two visual source records","Kirk-Greene and TEM4","LEXI_BRIDGE_FF4","FF4_V1","LEXI_BRIDGE_FF4-0213","true","false-friend|tem4|lexi-bridge","ready","pending"
"treasure","trésor","宝藏; 财政部","false_friend","0.20","0.90","high","4","Two visual source records","Kirk-Greene and TEM4","LEXI_BRIDGE_FF4","FF4_V1","LEXI_BRIDGE_FF4-0214","true","false-friend|tem4|lexi-bridge","ready","pending"
"commit","commettre","犯（罪）; 任命; 使入狱; 使陷入风险","false_friend","0.20","0.90","high","4","Two visual source records","Kirk-Greene and TEM4","LEXI_BRIDGE_FF4","FF4_V1","LEXI_BRIDGE_FF4-0215","true","false-friend|tem4|lexi-bridge","ready","pending"
"concrete","concret","具体的; 现实的","false_friend","0.20","0.90","high","4","Two visual source records","Kirk-Greene and TEM4","LEXI_BRIDGE_FF4","FF4_V1","LEXI_BRIDGE_FF4-0216","true","false-friend|tem4|lexi-bridge","ready","pending"
"isolate","isoler","隔离; 绝缘","false_friend","0.20","0.90","high","4","Two visual source records","Kirk-Greene and TEM4","LEXI_BRIDGE_FF4","FF4_V1","LEXI_BRIDGE_FF4-0217","true","false-friend|tem4|lexi-bridge","ready","pending"
"theory","théorie","理论; 队列; 行列","false_friend","0.20","0.90","high","4","Two visual source records","Kirk-Greene and TEM4","LEXI_BRIDGE_FF4","FF4_V1","LEXI_BRIDGE_FF4-0218","true","false-friend|tem4|lexi-bridge","ready","pending"
"mince","mince","瘦的; 细的","false_friend","0.20","0.90","high","4","Two visual source records","Kirk-Greene and TEM4","LEXI_BRIDGE_FF4","FF4_V1","LEXI_BRIDGE_FF4-0219","true","false-friend|tem4|lexi-bridge","ready","pending"
"retreat","retraite","军事撤退; 军用纹身; 静修地; 退休; 养老金","false_friend","0.20","0.90","high","4","Two visual source records","Kirk-Greene and TEM4","LEXI_BRIDGE_FF4","FF4_V1","LEXI_BRIDGE_FF4-0220","true","false-friend|tem4|lexi-bridge","ready","pending"
"theme","thème","主题; 散文作文","false_friend","0.20","0.90","high","4","Two visual source records","Kirk-Greene and TEM4","LEXI_BRIDGE_FF4","FF4_V1","LEXI_BRIDGE_FF4-0221","true","false-friend|tem4|lexi-bridge","ready","pending"
"honest","honnête","诚实的; 有礼的; 得体的; 正派的; 公平的","false_friend","0.20","0.90","high","4","Two visual source records","Kirk-Greene and TEM4","LEXI_BRIDGE_FF4","FF4_V1","LEXI_BRIDGE_FF4-0222","true","false-friend|tem4|lexi-bridge","ready","pending"
"combine","combiner","结合; 设法; 耍手段","false_friend","0.20","0.90","high","4","Two visual source records","Kirk-Greene and TEM4","LEXI_BRIDGE_FF4","FF4_V1","LEXI_BRIDGE_FF4-0223","true","false-friend|tem4|lexi-bridge","ready","pending"
"conference","conférence","会议; 新闻发布会; 讲座","false_friend","0.20","0.90","high","4","Two visual source records","Kirk-Greene and TEM4","LEXI_BRIDGE_FF4","FF4_V1","LEXI_BRIDGE_FF4-0224","true","false-friend|tem4|lexi-bridge","ready","pending"
"element","élément","要素; 线索; 家具组件; 人","false_friend","0.20","0.90","high","4","Two visual source records","Kirk-Greene and TEM4","LEXI_BRIDGE_FF4","FF4_V1","LEXI_BRIDGE_FF4-0225","true","false-friend|tem4|lexi-bridge","ready","pending"
"disappear","disparaître","消失; 去世","false_friend","0.20","0.90","high","4","Two visual source records","Kirk-Greene and TEM4","LEXI_BRIDGE_FF4","FF4_V1","LEXI_BRIDGE_FF4-0226","true","false-friend|tem4|lexi-bridge","ready","pending"
"unique","unique","唯一的; 独生的; 单向的","false_friend","0.20","0.90","high","4","Two visual source records","Kirk-Greene and TEM4","LEXI_BRIDGE_FF4","FF4_V1","LEXI_BRIDGE_FF4-0227","true","false-friend|tem4|lexi-bridge","ready","pending"
"garage","garage","车库; 公交车场; 飞机库; 铁路支线","false_friend","0.20","0.90","high","4","Two visual source records","Kirk-Greene and TEM4","LEXI_BRIDGE_FF4","FF4_V1","LEXI_BRIDGE_FF4-0228","true","false-friend|tem4|lexi-bridge","ready","pending"
"deliver","délivrer","释放; 分娩; 交付; 签发","false_friend","0.20","0.90","high","4","Two visual source records","Kirk-Greene and TEM4","LEXI_BRIDGE_FF4","FF4_V1","LEXI_BRIDGE_FF4-0229","true","false-friend|tem4|lexi-bridge","ready","pending"
"regular","régulier","规则的; 公平的; 正直的; 笔直的; 现役的","false_friend","0.20","0.90","high","4","Two visual source records","Kirk-Greene and TEM4","LEXI_BRIDGE_FF4","FF4_V1","LEXI_BRIDGE_FF4-0230","true","false-friend|tem4|lexi-bridge","ready","pending"
"cord","corde","绳子; 乐器弦; 网球拍弦; 声带","false_friend","0.20","0.90","high","4","Two visual source records","Kirk-Greene and TEM4","LEXI_BRIDGE_FF4","FF4_V1","LEXI_BRIDGE_FF4-0231","true","false-friend|tem4|lexi-bridge","ready","pending"
"point","point","点; 句点; 针脚; 侧腹痛; 牛排熟度","false_friend","0.20","0.90","high","4","Two visual source records","Kirk-Greene and TEM4","LEXI_BRIDGE_FF4","FF4_V1","LEXI_BRIDGE_FF4-0232","true","false-friend|tem4|lexi-bridge","ready","pending"
"convene","convenir","适合; 合宜; 同意","false_friend","0.20","0.90","high","4","Two visual source records","Kirk-Greene and TEM4","LEXI_BRIDGE_FF4","FF4_V1","LEXI_BRIDGE_FF4-0233","true","false-friend|tem4|lexi-bridge","ready","pending"
"rail","rail","铁轨; 轨道; 交通运输","false_friend","0.20","0.90","high","4","Two visual source records","Kirk-Greene and TEM4","LEXI_BRIDGE_FF4","FF4_V1","LEXI_BRIDGE_FF4-0234","true","false-friend|tem4|lexi-bridge","ready","pending"
"pair","pair","同等的人; 同等的; 偶数","false_friend","0.20","0.90","high","4","Two visual source records","Kirk-Greene and TEM4","LEXI_BRIDGE_FF4","FF4_V1","LEXI_BRIDGE_FF4-0235","true","false-friend|tem4|lexi-bridge","ready","pending"
"voluntary","volontaire","自愿的; 意志坚定的","false_friend","0.20","0.90","high","4","Two visual source records","Kirk-Greene and TEM4","LEXI_BRIDGE_FF4","FF4_V1","LEXI_BRIDGE_FF4-0236","true","false-friend|tem4|lexi-bridge","ready","pending"
"occasion","occasion","机会; 场合; 便宜货; 二手","false_friend","0.20","0.90","high","4","Two visual source records","Kirk-Greene and TEM4","LEXI_BRIDGE_FF4","FF4_V1","LEXI_BRIDGE_FF4-0237","true","false-friend|tem4|lexi-bridge","ready","pending"
"retain","retenir","留住; 扣留; 克制; 预订; 雇用","false_friend","0.20","0.90","high","4","Two visual source records","Kirk-Greene and TEM4","LEXI_BRIDGE_FF4","FF4_V1","LEXI_BRIDGE_FF4-0238","true","false-friend|tem4|lexi-bridge","ready","pending"
"retrace","retracer","重新描画; 重述; 回忆","false_friend","0.20","0.90","high","4","Two visual source records","Kirk-Greene and TEM4","LEXI_BRIDGE_FF4","FF4_V1","LEXI_BRIDGE_FF4-0239","true","false-friend|tem4|lexi-bridge","ready","pending"
"perfect","perfectionner","改进; 完善","false_friend","0.20","0.90","high","4","Two visual source records","Kirk-Greene and TEM4","LEXI_BRIDGE_FF4","FF4_V1","LEXI_BRIDGE_FF4-0240","true","false-friend|tem4|lexi-bridge","ready","pending"
"launch","lancer","投掷; 发射; 推出; 发动","false_friend","0.20","0.90","high","4","Two visual source records","Kirk-Greene and TEM4","LEXI_BRIDGE_FF4","FF4_V1","LEXI_BRIDGE_FF4-0241","true","false-friend|tem4|lexi-bridge","ready","pending"
"cycle","cycle","周期; 自行车（正式）","false_friend","0.20","0.90","high","4","Two visual source records","Kirk-Greene and TEM4","LEXI_BRIDGE_FF4","FF4_V1","LEXI_BRIDGE_FF4-0242","true","false-friend|tem4|lexi-bridge","ready","pending"
"rumour","rumeur","谣言; 低沉噪声","false_friend","0.20","0.90","high","4","Two visual source records","Kirk-Greene and TEM4","LEXI_BRIDGE_FF4","FF4_V1","LEXI_BRIDGE_FF4-0243","true","false-friend|tem4|lexi-bridge","ready","pending"
"race","race","品种; 血统","false_friend","0.20","0.90","high","4","Two visual source records","Kirk-Greene and TEM4","LEXI_BRIDGE_FF4","FF4_V1","LEXI_BRIDGE_FF4-0244","true","false-friend|tem4|lexi-bridge","ready","pending"
"revenge","revanche","复仇; 扳回一局; 补偿","false_friend","0.20","0.90","high","4","Two visual source records","Kirk-Greene and TEM4","LEXI_BRIDGE_FF4","FF4_V1","LEXI_BRIDGE_FF4-0245","true","false-friend|tem4|lexi-bridge","ready","pending"
"precious","précieux","珍贵的; 宝贵的; 无价的","false_friend","0.20","0.90","high","4","Two visual source records","Kirk-Greene and TEM4","LEXI_BRIDGE_FF4","FF4_V1","LEXI_BRIDGE_FF4-0246","true","false-friend|tem4|lexi-bridge","ready","pending"
"casserole","casserole","深平底锅","false_friend","0.20","0.90","high","4","Two visual source records","Kirk-Greene and TEM4","LEXI_BRIDGE_FF4","FF4_V1","LEXI_BRIDGE_FF4-0247","true","false-friend|tem4|lexi-bridge","ready","pending"
"instance","instance","坚持; 法律程序; 权威; 情况","false_friend","0.20","0.90","high","4","Two visual source records","Kirk-Greene and TEM4","LEXI_BRIDGE_FF4","FF4_V1","LEXI_BRIDGE_FF4-0248","true","false-friend|tem4|lexi-bridge","ready","pending"
"gourmand","gourmand","贪吃的人; 卷须; 吸盘","false_friend","0.20","0.90","high","4","Two visual source records","Kirk-Greene and TEM4","LEXI_BRIDGE_FF4","FF4_V1","LEXI_BRIDGE_FF4-0249","true","false-friend|tem4|lexi-bridge","ready","pending"
"dominate","dominer","支配; 俯瞰; 占优势","false_friend","0.20","0.90","high","4","Two visual source records","Kirk-Greene and TEM4","LEXI_BRIDGE_FF4","FF4_V1","LEXI_BRIDGE_FF4-0250","true","false-friend|tem4|lexi-bridge","ready","pending"
"hexagon","hexagone","六边形; 法国本土","false_friend","0.20","0.90","high","4","Two visual source records","Kirk-Greene and TEM4","LEXI_BRIDGE_FF4","FF4_V1","LEXI_BRIDGE_FF4-0251","true","false-friend|tem4|lexi-bridge","ready","pending"
"eventual","éventuel","可能的; 潜在的","false_friend","0.20","0.90","high","4","Two visual source records","Kirk-Greene and TEM4","LEXI_BRIDGE_FF4","FF4_V1","LEXI_BRIDGE_FF4-0252","true","false-friend|tem4|lexi-bridge","ready","pending"
"rest","rester","停留; 保持","false_friend","0.20","0.90","high","4","Two visual source records","Kirk-Greene and TEM4","LEXI_BRIDGE_FF4","FF4_V1","LEXI_BRIDGE_FF4-0253","true","false-friend|tem4|lexi-bridge","ready","pending"
"force","forcer","强迫; 迫使","false_friend","0.20","0.90","high","4","Two visual source records","Kirk-Greene and TEM4","LEXI_BRIDGE_FF4","FF4_V1","LEXI_BRIDGE_FF4-0254","true","false-friend|tem4|lexi-bridge","ready","pending"
"dragon","dragon","龙; 骑兵","false_friend","0.20","0.90","high","4","Two visual source records","Kirk-Greene and TEM4","LEXI_BRIDGE_FF4","FF4_V1","LEXI_BRIDGE_FF4-0255","true","false-friend|tem4|lexi-bridge","ready","pending"
"violate","violer","违反; 强奸; 非法侵入","false_friend","0.20","0.90","high","4","Two visual source records","Kirk-Greene and TEM4","LEXI_BRIDGE_FF4","FF4_V1","LEXI_BRIDGE_FF4-0256","true","false-friend|tem4|lexi-bridge","ready","pending"
"interrogate","interroger","提问; 考试; 讯问","false_friend","0.20","0.90","high","4","Two visual source records","Kirk-Greene and TEM4","LEXI_BRIDGE_FF4","FF4_V1","LEXI_BRIDGE_FF4-0257","true","false-friend|tem4|lexi-bridge","ready","pending"
"impose","imposer","强加; 强迫; 激发敬意; 征税; 使自己被接受","false_friend","0.20","0.90","high","4","Two visual source records","Kirk-Greene and TEM4","LEXI_BRIDGE_FF4","FF4_V1","LEXI_BRIDGE_FF4-0258","true","false-friend|tem4|lexi-bridge","ready","pending"
"turn","tourner","转动; 拍摄; 表演","false_friend","0.20","0.90","high","4","Two visual source records","Kirk-Greene and TEM4","LEXI_BRIDGE_FF4","FF4_V1","LEXI_BRIDGE_FF4-0259","true","false-friend|tem4|lexi-bridge","ready","pending"
"shock","choc","碰撞; 敲击; 轻响; 特价","false_friend","0.20","0.90","high","4","Two visual source records","Kirk-Greene and TEM4","LEXI_BRIDGE_FF4","FF4_V1","LEXI_BRIDGE_FF4-0260","true","false-friend|tem4|lexi-bridge","ready","pending"
"founder","fondre","融化; 猛扑","false_friend","0.20","0.90","high","4","Two visual source records","Kirk-Greene and TEM4","LEXI_BRIDGE_FF4","FF4_V1","LEXI_BRIDGE_FF4-0261","true","false-friend|tem4|lexi-bridge","ready","pending"
"quarter","quartier","四分之一; 街区; 总部; 身体部位; 仁慈","false_friend","0.20","0.90","high","4","Two visual source records","Kirk-Greene and TEM4","LEXI_BRIDGE_FF4","FF4_V1","LEXI_BRIDGE_FF4-0262","true","false-friend|tem4|lexi-bridge","ready","pending"
"fort","fort","堡垒; 强项; 严冬; 强壮的人","false_friend","0.20","0.90","high","4","Two visual source records","Kirk-Greene and TEM4","LEXI_BRIDGE_FF4","FF4_V1","LEXI_BRIDGE_FF4-0263","true","false-friend|tem4|lexi-bridge","ready","pending"
"somber","sombre","昏暗的; 忧郁的; 愚蠢透顶的（口语）","false_friend","0.20","0.90","high","4","Two visual source records","Kirk-Greene and TEM4","LEXI_BRIDGE_FF4","FF4_V1","LEXI_BRIDGE_FF4-0264","true","false-friend|tem4|lexi-bridge","ready","pending"
"comment","commenter","评论; 解说","false_friend","0.20","0.90","high","4","Two visual source records","Kirk-Greene and TEM4","LEXI_BRIDGE_FF4","FF4_V1","LEXI_BRIDGE_FF4-0265","true","false-friend|tem4|lexi-bridge","ready","pending"
"or","or","然而; 于是","false_friend","0.20","0.90","high","4","Two visual source records","Kirk-Greene and TEM4","LEXI_BRIDGE_FF4","FF4_V1","LEXI_BRIDGE_FF4-0266","true","false-friend|tem4|lexi-bridge","ready","pending"
"pardon","pardonner","宽恕; 原谅; 致命","false_friend","0.20","0.90","high","4","Two visual source records","Kirk-Greene and TEM4","LEXI_BRIDGE_FF4","FF4_V1","LEXI_BRIDGE_FF4-0267","true","false-friend|tem4|lexi-bridge","ready","pending"
"fresh","frais","新鲜的; 凉爽的; 清脆的","false_friend","0.20","0.90","high","4","Two visual source records","Kirk-Greene and TEM4","LEXI_BRIDGE_FF4","FF4_V1","LEXI_BRIDGE_FF4-0268","true","false-friend|tem4|lexi-bridge","ready","pending"
"review","revue","检阅; 杂志; 歌舞剧","false_friend","0.20","0.90","high","4","Two visual source records","Kirk-Greene and TEM4","LEXI_BRIDGE_FF4","FF4_V1","LEXI_BRIDGE_FF4-0269","true","false-friend|tem4|lexi-bridge","ready","pending"
"suppress","supprimer","删除; 取消; 剥夺; 杀掉（口语）","false_friend","0.20","0.90","high","4","Two visual source records","Kirk-Greene and TEM4","LEXI_BRIDGE_FF4","FF4_V1","LEXI_BRIDGE_FF4-0270","true","false-friend|tem4|lexi-bridge","ready","pending"
"habit","habit","外套; 礼服; 骑装; 僧袍","false_friend","0.20","0.90","high","4","Two visual source records","Kirk-Greene and TEM4","LEXI_BRIDGE_FF4","FF4_V1","LEXI_BRIDGE_FF4-0271","true","false-friend|tem4|lexi-bridge","ready","pending"
"represent","représenter","代表; 表演（戏剧）","false_friend","0.20","0.90","high","4","Two visual source records","Kirk-Greene and TEM4","LEXI_BRIDGE_FF4","FF4_V1","LEXI_BRIDGE_FF4-0272","true","false-friend|tem4|lexi-bridge","ready","pending"
"encore","encore","仍然; 再次","false_friend","0.20","0.90","high","4","Two visual source records","Kirk-Greene and TEM4","LEXI_BRIDGE_FF4","FF4_V1","LEXI_BRIDGE_FF4-0273","true","false-friend|tem4|lexi-bridge","ready","pending"
"sympathy","sympathie","好感; 投缘; 温情","false_friend","0.20","0.90","high","4","Two visual source records","Kirk-Greene and TEM4","LEXI_BRIDGE_FF4","FF4_V1","LEXI_BRIDGE_FF4-0274","true","false-friend|tem4|lexi-bridge","ready","pending"
"grave","grave","严重的; 低沉的; 最严重的","false_friend","0.20","0.90","high","4","Two visual source records","Kirk-Greene and TEM4","LEXI_BRIDGE_FF4","FF4_V1","LEXI_BRIDGE_FF4-0275","true","false-friend|tem4|lexi-bridge","ready","pending"
"depend","dépendre","依赖; 隶属; 悬挂取下","false_friend","0.20","0.90","high","4","Two visual source records","Kirk-Greene and TEM4","LEXI_BRIDGE_FF4","FF4_V1","LEXI_BRIDGE_FF4-0276","true","false-friend|tem4|lexi-bridge","ready","pending"
"chant","chanter","唱歌; （鸟虫）鸣叫; 敲诈","false_friend","0.20","0.90","high","4","Two visual source records","Kirk-Greene and TEM4","LEXI_BRIDGE_FF4","FF4_V1","LEXI_BRIDGE_FF4-0277","true","false-friend|tem4|lexi-bridge","ready","pending"
"folly","folie","疯狂; 荒唐事; 奢侈","false_friend","0.20","0.90","high","4","Two visual source records","Kirk-Greene and TEM4","LEXI_BRIDGE_FF4","FF4_V1","LEXI_BRIDGE_FF4-0278","true","false-friend|tem4|lexi-bridge","ready","pending"
"proper","propre","干净的; 自己的; 特有的; 合适的","false_friend","0.20","0.90","high","4","Two visual source records","Kirk-Greene and TEM4","LEXI_BRIDGE_FF4","FF4_V1","LEXI_BRIDGE_FF4-0279","true","false-friend|tem4|lexi-bridge","ready","pending"
"found","fonder","奠定基础; 创办","false_friend","0.20","0.90","high","4","Two visual source records","Kirk-Greene and TEM4","LEXI_BRIDGE_FF4","FF4_V1","LEXI_BRIDGE_FF4-0280","true","false-friend|tem4|lexi-bridge","ready","pending"
"opinion","opinion","意见; 舆论; 公众","false_friend","0.20","0.90","high","4","Two visual source records","Kirk-Greene and TEM4","LEXI_BRIDGE_FF4","FF4_V1","LEXI_BRIDGE_FF4-0281","true","false-friend|tem4|lexi-bridge","ready","pending"
"publicity","publicité","广告宣传; 广告","false_friend","0.20","0.90","high","4","Two visual source records","Kirk-Greene and TEM4","LEXI_BRIDGE_FF4","FF4_V1","LEXI_BRIDGE_FF4-0282","true","false-friend|tem4|lexi-bridge","ready","pending"
"elaborate","élaborer","制定; 推敲","false_friend","0.20","0.90","high","4","Two visual source records","Kirk-Greene and TEM4","LEXI_BRIDGE_FF4","FF4_V1","LEXI_BRIDGE_FF4-0283","true","false-friend|tem4|lexi-bridge","ready","pending"
"costume","costume","男西装; 正装","false_friend","0.20","0.90","high","4","Two visual source records","Kirk-Greene and TEM4","LEXI_BRIDGE_FF4","FF4_V1","LEXI_BRIDGE_FF4-0284","true","false-friend|tem4|lexi-bridge","ready","pending"
"station","stationner","停车; 停留","false_friend","0.20","0.90","high","4","Two visual source records","Kirk-Greene and TEM4","LEXI_BRIDGE_FF4","FF4_V1","LEXI_BRIDGE_FF4-0285","true","false-friend|tem4|lexi-bridge","ready","pending"
"coin","coin","角落","false_friend","0.20","0.90","high","4","Two visual source records","Kirk-Greene and TEM4","LEXI_BRIDGE_FF4","FF4_V1","LEXI_BRIDGE_FF4-0286","true","false-friend|tem4|lexi-bridge","ready","pending"
"licence","licence","许可; 自由; 学士学位; 钓鱼证","false_friend","0.20","0.90","high","4","Two visual source records","Kirk-Greene and TEM4","LEXI_BRIDGE_FF4","FF4_V1","LEXI_BRIDGE_FF4-0287","true","false-friend|tem4|lexi-bridge","ready","pending"
"cream","crème","加奶咖啡; 奶油","false_friend","0.20","0.90","high","4","Two visual source records","Kirk-Greene and TEM4","LEXI_BRIDGE_FF4","FF4_V1","LEXI_BRIDGE_FF4-0288","true","false-friend|tem4|lexi-bridge","ready","pending"
"cousin","cousin","堂表亲; 蚊子","false_friend","0.20","0.90","high","4","Two visual source records","Kirk-Greene and TEM4","LEXI_BRIDGE_FF4","FF4_V1","LEXI_BRIDGE_FF4-0289","true","false-friend|tem4|lexi-bridge","ready","pending"
"recipient","récipient","容器","false_friend","0.20","0.90","high","4","Two visual source records","Kirk-Greene and TEM4","LEXI_BRIDGE_FF4","FF4_V1","LEXI_BRIDGE_FF4-0290","true","false-friend|tem4|lexi-bridge","ready","pending"
"hurt","heurter","碰撞; 撞击; 使震惊; 使难过","false_friend","0.20","0.90","high","4","Two visual source records","Kirk-Greene and TEM4","LEXI_BRIDGE_FF4","FF4_V1","LEXI_BRIDGE_FF4-0291","true","false-friend|tem4|lexi-bridge","ready","pending"
"sortie","sortie","出口; 外出; 发作","false_friend","0.20","0.90","high","4","Two visual source records","Kirk-Greene and TEM4","LEXI_BRIDGE_FF4","FF4_V1","LEXI_BRIDGE_FF4-0292","true","false-friend|tem4|lexi-bridge","ready","pending"
"chase","chasse","狩猎; 射猎; 抽水马桶冲水","false_friend","0.20","0.90","high","4","Two visual source records","Kirk-Greene and TEM4","LEXI_BRIDGE_FF4","FF4_V1","LEXI_BRIDGE_FF4-0293","true","false-friend|tem4|lexi-bridge","ready","pending"
"cap","cap","海角; 方向","false_friend","0.20","0.90","high","4","Two visual source records","Kirk-Greene and TEM4","LEXI_BRIDGE_FF4","FF4_V1","LEXI_BRIDGE_FF4-0294","true","false-friend|tem4|lexi-bridge","ready","pending"
"some","somme","小睡; 总和","false_friend","0.20","0.90","high","4","Two visual source records","Kirk-Greene and TEM4","LEXI_BRIDGE_FF4","FF4_V1","LEXI_BRIDGE_FF4-0295","true","false-friend|tem4|lexi-bridge","ready","pending"
"journal","journal","报纸; 日记; 航海日志; 电视新闻","false_friend","0.20","0.90","high","4","Two visual source records","Kirk-Greene and TEM4","LEXI_BRIDGE_FF4","FF4_V1","LEXI_BRIDGE_FF4-0296","true","false-friend|tem4|lexi-bridge","ready","pending"
"nervous","nerveux","神经的; 紧张不安的; 易怒的; 强劲的","false_friend","0.20","0.90","high","4","Two visual source records","Kirk-Greene and TEM4","LEXI_BRIDGE_FF4","FF4_V1","LEXI_BRIDGE_FF4-0297","true","false-friend|tem4|lexi-bridge","ready","pending"
"pity","pitié","怜悯; 同情; 仁慈","false_friend","0.20","0.90","high","4","Two visual source records","Kirk-Greene and TEM4","LEXI_BRIDGE_FF4","FF4_V1","LEXI_BRIDGE_FF4-0298","true","false-friend|tem4|lexi-bridge","ready","pending"
"press","presser","压; 催促","false_friend","0.20","0.90","high","4","Two visual source records","Kirk-Greene and TEM4","LEXI_BRIDGE_FF4","FF4_V1","LEXI_BRIDGE_FF4-0299","true","false-friend|tem4|lexi-bridge","ready","pending"
"defend","défendre","保护; 禁止","false_friend","0.20","0.90","high","4","Two visual source records","Kirk-Greene and TEM4","LEXI_BRIDGE_FF4","FF4_V1","LEXI_BRIDGE_FF4-0300","true","false-friend|tem4|lexi-bridge","ready","pending"
"respect","respecter","尊重; 遵守（协议/日程）","false_friend","0.20","0.90","high","4","Two visual source records","Kirk-Greene and TEM4","LEXI_BRIDGE_FF4","FF4_V1","LEXI_BRIDGE_FF4-0301","true","false-friend|tem4|lexi-bridge","ready","pending"
"preserve","préserver","保护; 保存; 维护","false_friend","0.20","0.90","high","4","Two visual source records","Kirk-Greene and TEM4","LEXI_BRIDGE_FF4","FF4_V1","LEXI_BRIDGE_FF4-0302","true","false-friend|tem4|lexi-bridge","ready","pending"
"perceive","percevoir","感知; 征收; 收取入场费","false_friend","0.20","0.90","high","4","Two visual source records","Kirk-Greene and TEM4","LEXI_BRIDGE_FF4","FF4_V1","LEXI_BRIDGE_FF4-0303","true","false-friend|tem4|lexi-bridge","ready","pending"
"design","désigner","指出; 指定; 命名","false_friend","0.20","0.90","high","4","Two visual source records","Kirk-Greene and TEM4","LEXI_BRIDGE_FF4","FF4_V1","LEXI_BRIDGE_FF4-0304","true","false-friend|tem4|lexi-bridge","ready","pending"
"liquid","liquide","液体; 现款","false_friend","0.20","0.90","high","4","Two visual source records","Kirk-Greene and TEM4","LEXI_BRIDGE_FF4","FF4_V1","LEXI_BRIDGE_FF4-0305","true","false-friend|tem4|lexi-bridge","ready","pending"
"local","local","建筑; 房间; 场所","false_friend","0.20","0.90","high","4","Two visual source records","Kirk-Greene and TEM4","LEXI_BRIDGE_FF4","FF4_V1","LEXI_BRIDGE_FF4-0306","true","false-friend|tem4|lexi-bridge","ready","pending"
"fortune","fortune","命运; 机会; 财富; 临时凑成的物品","false_friend","0.20","0.90","high","4","Two visual source records","Kirk-Greene and TEM4","LEXI_BRIDGE_FF4","FF4_V1","LEXI_BRIDGE_FF4-0307","true","false-friend|tem4|lexi-bridge","ready","pending"
"note","note","正式通知; 笔记; 乐音; 成绩单; 账单","false_friend","0.20","0.90","high","4","Two visual source records","Kirk-Greene and TEM4","LEXI_BRIDGE_FF4","FF4_V1","LEXI_BRIDGE_FF4-0308","true","false-friend|tem4|lexi-bridge","ready","pending"
"persuade","persuader","说服; 使确信","false_friend","0.20","0.90","high","4","Two visual source records","Kirk-Greene and TEM4","LEXI_BRIDGE_FF4","FF4_V1","LEXI_BRIDGE_FF4-0309","true","false-friend|tem4|lexi-bridge","ready","pending"
"introduce","introduire","引入; 介绍; 插入","false_friend","0.20","0.90","high","4","Two visual source records","Kirk-Greene and TEM4","LEXI_BRIDGE_FF4","FF4_V1","LEXI_BRIDGE_FF4-0310","true","false-friend|tem4|lexi-bridge","ready","pending"
"ramp","rampe","坡道; 扶手; 栏杆; 舞台脚灯","false_friend","0.20","0.90","high","4","Two visual source records","Kirk-Greene and TEM4","LEXI_BRIDGE_FF4","FF4_V1","LEXI_BRIDGE_FF4-0311","true","false-friend|tem4|lexi-bridge","ready","pending"
"recognize","reconnaître","认出; 承认; 确认","false_friend","0.20","0.90","high","4","Two visual source records","Kirk-Greene and TEM4","LEXI_BRIDGE_FF4","FF4_V1","LEXI_BRIDGE_FF4-0312","true","false-friend|tem4|lexi-bridge","ready","pending"
"chat","chat","猫","false_friend","0.20","0.90","high","4","Two visual source records","Kirk-Greene and TEM4","LEXI_BRIDGE_FF4","FF4_V1","LEXI_BRIDGE_FF4-0313","true","false-friend|tem4|lexi-bridge","ready","pending"
"fail","faillir","未做到; 失足; 差点","false_friend","0.20","0.90","high","4","Two visual source records","Kirk-Greene and TEM4","LEXI_BRIDGE_FF4","FF4_V1","LEXI_BRIDGE_FF4-0314","true","false-friend|tem4|lexi-bridge","ready","pending"
"report","reporter","带回; 推迟; 延期; 新闻报道; 告发","false_friend","0.20","0.90","high","4","Two visual source records","Kirk-Greene and TEM4","LEXI_BRIDGE_FF4","FF4_V1","LEXI_BRIDGE_FF4-0315","true","false-friend|tem4|lexi-bridge","ready","pending"
"fin","fin","结束; 鱼鳍; 目的","false_friend","0.20","0.90","high","4","Two visual source records","Kirk-Greene and TEM4","LEXI_BRIDGE_FF4","FF4_V1","LEXI_BRIDGE_FF4-0316","true","false-friend|tem4|lexi-bridge","ready","pending"
"gallery","galerie","画廊; 汽车行李架; 剧场楼座","false_friend","0.20","0.90","high","4","Two visual source records","Kirk-Greene and TEM4","LEXI_BRIDGE_FF4","FF4_V1","LEXI_BRIDGE_FF4-0317","true","false-friend|tem4|lexi-bridge","ready","pending"
"revise","réviser","复习; 复审; 保养（汽车）","false_friend","0.20","0.90","high","4","Two visual source records","Kirk-Greene and TEM4","LEXI_BRIDGE_FF4","FF4_V1","LEXI_BRIDGE_FF4-0318","true","false-friend|tem4|lexi-bridge","ready","pending"
"general","général","将军; 一般的","false_friend","0.20","0.90","high","4","Two visual source records","Kirk-Greene and TEM4","LEXI_BRIDGE_FF4","FF4_V1","LEXI_BRIDGE_FF4-0319","true","false-friend|tem4|lexi-bridge","ready","pending"
"inspire","inspirer","激发; 吸入","false_friend","0.20","0.90","high","4","Two visual source records","Kirk-Greene and TEM4","LEXI_BRIDGE_FF4","FF4_V1","LEXI_BRIDGE_FF4-0320","true","false-friend|tem4|lexi-bridge","ready","pending"
"union","union","联合; 协会","false_friend","0.20","0.90","high","4","Two visual source records","Kirk-Greene and TEM4","LEXI_BRIDGE_FF4","FF4_V1","LEXI_BRIDGE_FF4-0321","true","false-friend|tem4|lexi-bridge","ready","pending"
"interior","intérieur","内部; 家庭生活; 内政部","false_friend","0.20","0.90","high","4","Two visual source records","Kirk-Greene and TEM4","LEXI_BRIDGE_FF4","FF4_V1","LEXI_BRIDGE_FF4-0322","true","false-friend|tem4|lexi-bridge","ready","pending"
"seize","saisir","抓住; 理解; 提交","false_friend","0.20","0.90","high","4","Two visual source records","Kirk-Greene and TEM4","LEXI_BRIDGE_FF4","FF4_V1","LEXI_BRIDGE_FF4-0323","true","false-friend|tem4|lexi-bridge","ready","pending"
"physics","physique","物理学","false_friend","0.20","0.90","high","4","Two visual source records","Kirk-Greene and TEM4","LEXI_BRIDGE_FF4","FF4_V1","LEXI_BRIDGE_FF4-0324","true","false-friend|tem4|lexi-bridge","ready","pending"
"jolly","joli","漂亮的; 可爱的; 非常","false_friend","0.20","0.90","high","4","Two visual source records","Kirk-Greene and TEM4","LEXI_BRIDGE_FF4","FF4_V1","LEXI_BRIDGE_FF4-0325","true","false-friend|tem4|lexi-bridge","ready","pending"
"signify","signifier","表示; 意味着; 正式送达","false_friend","0.20","0.90","high","4","Two visual source records","Kirk-Greene and TEM4","LEXI_BRIDGE_FF4","FF4_V1","LEXI_BRIDGE_FF4-0326","true","false-friend|tem4|lexi-bridge","ready","pending"
"don","don","赠礼; 天赋; 大学教授称谓","false_friend","0.20","0.90","high","4","Two visual source records","Kirk-Greene and TEM4","LEXI_BRIDGE_FF4","FF4_V1","LEXI_BRIDGE_FF4-0327","true","false-friend|tem4|lexi-bridge","ready","pending"
"instruct","instruire","教育; 告知; 法律调查","false_friend","0.20","0.90","high","4","Two visual source records","Kirk-Greene and TEM4","LEXI_BRIDGE_FF4","FF4_V1","LEXI_BRIDGE_FF4-0328","true","false-friend|tem4|lexi-bridge","ready","pending"
"revolt","révolter","反抗; 激怒; 冒犯","false_friend","0.20","0.90","high","4","Two visual source records","Kirk-Greene and TEM4","LEXI_BRIDGE_FF4","FF4_V1","LEXI_BRIDGE_FF4-0329","true","false-friend|tem4|lexi-bridge","ready","pending"
"resent","ressentir","深切感到","false_friend","0.20","0.90","high","4","Two visual source records","Kirk-Greene and TEM4","LEXI_BRIDGE_FF4","FF4_V1","LEXI_BRIDGE_FF4-0330","true","false-friend|tem4|lexi-bridge","ready","pending"
"view","vue","视野; 视力; 观点","false_friend","0.20","0.90","high","4","Two visual source records","Kirk-Greene and TEM4","LEXI_BRIDGE_FF4","FF4_V1","LEXI_BRIDGE_FF4-0331","true","false-friend|tem4|lexi-bridge","ready","pending"
"usual","usuel","参考工具书","false_friend","0.20","0.90","high","4","Two visual source records","Kirk-Greene and TEM4","LEXI_BRIDGE_FF4","FF4_V1","LEXI_BRIDGE_FF4-0332","true","false-friend|tem4|lexi-bridge","ready","pending"
"doubt","douter","怀疑; 认为","false_friend","0.20","0.90","high","4","Two visual source records","Kirk-Greene and TEM4","LEXI_BRIDGE_FF4","FF4_V1","LEXI_BRIDGE_FF4-0333","true","false-friend|tem4|lexi-bridge","ready","pending"
"singe","singe","猴子; 模仿者; 老板; 咸牛肉罐头","false_friend","0.20","0.90","high","4","Two visual source records","Kirk-Greene and TEM4","LEXI_BRIDGE_FF4","FF4_V1","LEXI_BRIDGE_FF4-0334","true","false-friend|tem4|lexi-bridge","ready","pending"
"infirm","infirme","残疾的; 行动不便的; 病人","false_friend","0.20","0.90","high","4","Two visual source records","Kirk-Greene and TEM4","LEXI_BRIDGE_FF4","FF4_V1","LEXI_BRIDGE_FF4-0335","true","false-friend|tem4|lexi-bridge","ready","pending"
"compose","composer","创作; 参加考试; 拨号; 妥协","false_friend","0.20","0.90","high","4","Two visual source records","Kirk-Greene and TEM4","LEXI_BRIDGE_FF4","FF4_V1","LEXI_BRIDGE_FF4-0336","true","false-friend|tem4|lexi-bridge","ready","pending"
"interpret","interpréter","解释; 理解; 演出; 演奏; 表演","false_friend","0.20","0.90","high","4","Two visual source records","Kirk-Greene and TEM4","LEXI_BRIDGE_FF4","FF4_V1","LEXI_BRIDGE_FF4-0337","true","false-friend|tem4|lexi-bridge","ready","pending"
"grip","grippe","流感; 厌恶","false_friend","0.20","0.90","high","4","Two visual source records","Kirk-Greene and TEM4","LEXI_BRIDGE_FF4","FF4_V1","LEXI_BRIDGE_FF4-0338","true","false-friend|tem4|lexi-bridge","ready","pending"
"quit","quitter","离开","false_friend","0.20","0.90","high","4","Two visual source records","Kirk-Greene and TEM4","LEXI_BRIDGE_FF4","FF4_V1","LEXI_BRIDGE_FF4-0339","true","false-friend|tem4|lexi-bridge","ready","pending"
"chimney","cheminée","烟囱; 漏斗; 壁炉; 壁炉架","false_friend","0.20","0.90","high","4","Two visual source records","Kirk-Greene and TEM4","LEXI_BRIDGE_FF4","FF4_V1","LEXI_BRIDGE_FF4-0340","true","false-friend|tem4|lexi-bridge","ready","pending"
"double","doubler","加倍; 留级; 给衣物衬里; 为电影配音; 超车","false_friend","0.20","0.90","high","4","Two visual source records","Kirk-Greene and TEM4","LEXI_BRIDGE_FF4","FF4_V1","LEXI_BRIDGE_FF4-0341","true","false-friend|tem4|lexi-bridge","ready","pending"
"crisis","crise","危机; 短缺; 发作","false_friend","0.20","0.90","high","4","Two visual source records","Kirk-Greene and TEM4","LEXI_BRIDGE_FF4","FF4_V1","LEXI_BRIDGE_FF4-0342","true","false-friend|tem4|lexi-bridge","ready","pending"
"inferior","inférieur","下方的; 较低的; 低年级的","false_friend","0.20","0.90","high","4","Two visual source records","Kirk-Greene and TEM4","LEXI_BRIDGE_FF4","FF4_V1","LEXI_BRIDGE_FF4-0343","true","false-friend|tem4|lexi-bridge","ready","pending"
"register","enregistrer","登记; 录制","false_friend","0.20","0.90","high","4","Two visual source records","Kirk-Greene and TEM4","LEXI_BRIDGE_FF4","FF4_V1","LEXI_BRIDGE_FF4-0344","true","false-friend|tem4|lexi-bridge","ready","pending"
"tension","tension","紧张; 血压","false_friend","0.20","0.90","high","4","Two visual source records","Kirk-Greene and TEM4","LEXI_BRIDGE_FF4","FF4_V1","LEXI_BRIDGE_FF4-0345","true","false-friend|tem4|lexi-bridge","ready","pending"
"fool","fou","疯子; 象棋象; 宫廷小丑","false_friend","0.20","0.90","high","4","Two visual source records","Kirk-Greene and TEM4","LEXI_BRIDGE_FF4","FF4_V1","LEXI_BRIDGE_FF4-0346","true","false-friend|tem4|lexi-bridge","ready","pending"
"large","large","宽的; 宽阔的; 宽厚的; 慷慨的","false_friend","0.20","0.90","high","4","Two visual source records","Kirk-Greene and TEM4","LEXI_BRIDGE_FF4","FF4_V1","LEXI_BRIDGE_FF4-0347","true","false-friend|tem4|lexi-bridge","ready","pending"
"hazard","hasard","偶然; 机会; 运气","false_friend","0.20","0.90","high","4","Two visual source records","Kirk-Greene and TEM4","LEXI_BRIDGE_FF4","FF4_V1","LEXI_BRIDGE_FF4-0348","true","false-friend|tem4|lexi-bridge","ready","pending"
"site","site","地点; 美景; 场址; 建筑工地","false_friend","0.20","0.90","high","4","Two visual source records","Kirk-Greene and TEM4","LEXI_BRIDGE_FF4","FF4_V1","LEXI_BRIDGE_FF4-0349","true","false-friend|tem4|lexi-bridge","ready","pending"
"train","traîner","拖; 拉; 磨蹭; 拖沓","false_friend","0.20","0.90","high","4","Two visual source records","Kirk-Greene and TEM4","LEXI_BRIDGE_FF4","FF4_V1","LEXI_BRIDGE_FF4-0350","true","false-friend|tem4|lexi-bridge","ready","pending"
"incite","inciter","煽动; 鼓励; 诱惑","false_friend","0.20","0.90","high","4","Two visual source records","Kirk-Greene and TEM4","LEXI_BRIDGE_FF4","FF4_V1","LEXI_BRIDGE_FF4-0351","true","false-friend|tem4|lexi-bridge","ready","pending"
"push","pousser","推; 生长; 发出（哭喊）","false_friend","0.20","0.90","high","4","Two visual source records","Kirk-Greene and TEM4","LEXI_BRIDGE_FF4","FF4_V1","LEXI_BRIDGE_FF4-0352","true","false-friend|tem4|lexi-bridge","ready","pending"
"standard","standard","旗帜; 标准（niveau）","false_friend","0.20","0.90","high","4","Two visual source records","Kirk-Greene and TEM4","LEXI_BRIDGE_FF4","FF4_V1","LEXI_BRIDGE_FF4-0353","true","false-friend|tem4|lexi-bridge","ready","pending"
"instant","instant","紧急的; 急迫的","false_friend","0.20","0.90","high","4","Two visual source records","Kirk-Greene and TEM4","LEXI_BRIDGE_FF4","FF4_V1","LEXI_BRIDGE_FF4-0354","true","false-friend|tem4|lexi-bridge","ready","pending"
"relation","relation","关系; 叙述; 熟人; 联系; 铁路/道路班次","false_friend","0.20","0.90","high","4","Two visual source records","Kirk-Greene and TEM4","LEXI_BRIDGE_FF4","FF4_V1","LEXI_BRIDGE_FF4-0355","true","false-friend|tem4|lexi-bridge","ready","pending"
"possess","posséder","拥有; 精通","false_friend","0.20","0.90","high","4","Two visual source records","Kirk-Greene and TEM4","LEXI_BRIDGE_FF4","FF4_V1","LEXI_BRIDGE_FF4-0356","true","false-friend|tem4|lexi-bridge","ready","pending"
"river","rivière","河流; 障碍赛水障; 开放式缝线; 钻石项链","false_friend","0.20","0.90","high","4","Two visual source records","Kirk-Greene and TEM4","LEXI_BRIDGE_FF4","FF4_V1","LEXI_BRIDGE_FF4-0357","true","false-friend|tem4|lexi-bridge","ready","pending"
"vapor","vapeur","蒸汽; 水汽","false_friend","0.20","0.90","high","4","Two visual source records","Kirk-Greene and TEM4","LEXI_BRIDGE_FF4","FF4_V1","LEXI_BRIDGE_FF4-0358","true","false-friend|tem4|lexi-bridge","ready","pending"
"particular","particulier","私人; 个人; 具体细节","false_friend","0.20","0.90","high","4","Two visual source records","Kirk-Greene and TEM4","LEXI_BRIDGE_FF4","FF4_V1","LEXI_BRIDGE_FF4-0359","true","false-friend|tem4|lexi-bridge","ready","pending"
"market","marché","市场; 交易; 便宜货","false_friend","0.20","0.90","high","4","Two visual source records","Kirk-Greene and TEM4","LEXI_BRIDGE_FF4","FF4_V1","LEXI_BRIDGE_FF4-0360","true","false-friend|tem4|lexi-bridge","ready","pending"
"project","projeter","投射; 放映; 计划","false_friend","0.20","0.90","high","4","Two visual source records","Kirk-Greene and TEM4","LEXI_BRIDGE_FF4","FF4_V1","LEXI_BRIDGE_FF4-0361","true","false-friend|tem4|lexi-bridge","ready","pending"
"scandal","scandale","丑闻; 令人震惊之事","false_friend","0.20","0.90","high","4","Two visual source records","Kirk-Greene and TEM4","LEXI_BRIDGE_FF4","FF4_V1","LEXI_BRIDGE_FF4-0362","true","false-friend|tem4|lexi-bridge","ready","pending"
"drag","draguer","疏浚; 拖曳水面; 搭讪","false_friend","0.20","0.90","high","4","Two visual source records","Kirk-Greene and TEM4","LEXI_BRIDGE_FF4","FF4_V1","LEXI_BRIDGE_FF4-0363","true","false-friend|tem4|lexi-bridge","ready","pending"
"practise","pratiquer","从事（宗教、医学）; 玩（体育）; 做手术; 建造","false_friend","0.20","0.90","high","4","Two visual source records","Kirk-Greene and TEM4","LEXI_BRIDGE_FF4","FF4_V1","LEXI_BRIDGE_FF4-0364","true","false-friend|tem4|lexi-bridge","ready","pending"
"commissioner","commissaire","专员; 警察督察; 审计员; 船上事务长","false_friend","0.20","0.90","high","4","Two visual source records","Kirk-Greene and TEM4","LEXI_BRIDGE_FF4","FF4_V1","LEXI_BRIDGE_FF4-0365","true","false-friend|tem4|lexi-bridge","ready","pending"
"supply","supplier","恳求; 请求","false_friend","0.20","0.90","high","4","Two visual source records","Kirk-Greene and TEM4","LEXI_BRIDGE_FF4","FF4_V1","LEXI_BRIDGE_FF4-0366","true","false-friend|tem4|lexi-bridge","ready","pending"
"humour","humeur","心情; 情绪; 脾气","false_friend","0.20","0.90","high","4","Two visual source records","Kirk-Greene and TEM4","LEXI_BRIDGE_FF4","FF4_V1","LEXI_BRIDGE_FF4-0367","true","false-friend|tem4|lexi-bridge","ready","pending"
"relief","relief","浮雕; 地形起伏; 突出; 剩饭; 救济","false_friend","0.20","0.90","high","4","Two visual source records","Kirk-Greene and TEM4","LEXI_BRIDGE_FF4","FF4_V1","LEXI_BRIDGE_FF4-0368","true","false-friend|tem4|lexi-bridge","ready","pending"
"record","record","（体育）纪录","false_friend","0.20","0.90","high","4","Two visual source records","Kirk-Greene and TEM4","LEXI_BRIDGE_FF4","FF4_V1","LEXI_BRIDGE_FF4-0369","true","false-friend|tem4|lexi-bridge","ready","pending"
"report","rapport","报告; 账目; 收益; 关系; 比例","false_friend","0.20","0.90","high","4","Two visual source records","Kirk-Greene and TEM4","LEXI_BRIDGE_FF4","FF4_V1","LEXI_BRIDGE_FF4-0370","true","false-friend|tem4|lexi-bridge","ready","pending"
"recommend","recommander","推荐; 挂号（信件）","false_friend","0.20","0.90","high","4","Two visual source records","Kirk-Greene and TEM4","LEXI_BRIDGE_FF4","FF4_V1","LEXI_BRIDGE_FF4-0371","true","false-friend|tem4|lexi-bridge","ready","pending"
"solicit","solliciter","请求; 恳求; 申请; 争取","false_friend","0.20","0.90","high","4","Two visual source records","Kirk-Greene and TEM4","LEXI_BRIDGE_FF4","FF4_V1","LEXI_BRIDGE_FF4-0372","true","false-friend|tem4|lexi-bridge","ready","pending"
"office","office","职务; 机构; 教会礼拜; 斡旋","false_friend","0.20","0.90","high","4","Two visual source records","Kirk-Greene and TEM4","LEXI_BRIDGE_FF4","FF4_V1","LEXI_BRIDGE_FF4-0373","true","false-friend|tem4|lexi-bridge","ready","pending"
"sauce","sauce","调味汁; 肉汁; 黑色蜡笔; 打骂","false_friend","0.20","0.90","high","4","Two visual source records","Kirk-Greene and TEM4","LEXI_BRIDGE_FF4","FF4_V1","LEXI_BRIDGE_FF4-0374","true","false-friend|tem4|lexi-bridge","ready","pending"
"truss","trousse","捆; 工具包; 医疗包","false_friend","0.20","0.90","high","4","Two visual source records","Kirk-Greene and TEM4","LEXI_BRIDGE_FF4","FF4_V1","LEXI_BRIDGE_FF4-0375","true","false-friend|tem4|lexi-bridge","ready","pending"
"gas","gaz","燃气; 气泡感","false_friend","0.20","0.90","high","4","Two visual source records","Kirk-Greene and TEM4","LEXI_BRIDGE_FF4","FF4_V1","LEXI_BRIDGE_FF4-0376","true","false-friend|tem4|lexi-bridge","ready","pending"
"party","partie","部分; 一局比赛; 当事人; 狩猎队; 集合; 政治党派","false_friend","0.20","0.90","high","4","Two visual source records","Kirk-Greene and TEM4","LEXI_BRIDGE_FF4","FF4_V1","LEXI_BRIDGE_FF4-0377","true","false-friend|tem4|lexi-bridge","ready","pending"
"formula","formule","公式; 表格; 惯用语; 成套方案","false_friend","0.20","0.90","high","4","Two visual source records","Kirk-Greene and TEM4","LEXI_BRIDGE_FF4","FF4_V1","LEXI_BRIDGE_FF4-0378","true","false-friend|tem4|lexi-bridge","ready","pending"
"coffer","coffre","箱子; 胸柜; 汽车后备箱; 保险柜","false_friend","0.20","0.90","high","4","Two visual source records","Kirk-Greene and TEM4","LEXI_BRIDGE_FF4","FF4_V1","LEXI_BRIDGE_FF4-0379","true","false-friend|tem4|lexi-bridge","ready","pending"
"contact","contact","联系; 开关; 点火装置","false_friend","0.20","0.90","high","4","Two visual source records","Kirk-Greene and TEM4","LEXI_BRIDGE_FF4","FF4_V1","LEXI_BRIDGE_FF4-0380","true","false-friend|tem4|lexi-bridge","ready","pending"
"remark","remarquer","注意到; 察觉","false_friend","0.20","0.90","high","4","Two visual source records","Kirk-Greene and TEM4","LEXI_BRIDGE_FF4","FF4_V1","LEXI_BRIDGE_FF4-0381","true","false-friend|tem4|lexi-bridge","ready","pending"
"pure","pur","纯的; 纯粹的; 强硬的","false_friend","0.20","0.90","high","4","Two visual source records","Kirk-Greene and TEM4","LEXI_BRIDGE_FF4","FF4_V1","LEXI_BRIDGE_FF4-0382","true","false-friend|tem4|lexi-bridge","ready","pending"
"pass","passer","经过; 参加考试; 通过考试; 升职; 忽略; 越过","false_friend","0.20","0.90","high","4","Two visual source records","Kirk-Greene and TEM4","LEXI_BRIDGE_FF4","FF4_V1","LEXI_BRIDGE_FF4-0383","true","false-friend|tem4|lexi-bridge","ready","pending"
"code","code","法典; 公路法规; 灯光信号","false_friend","0.20","0.90","high","4","Two visual source records","Kirk-Greene and TEM4","LEXI_BRIDGE_FF4","FF4_V1","LEXI_BRIDGE_FF4-0384","true","false-friend|tem4|lexi-bridge","ready","pending"
"mine","mine","矿井; 面容; 空气; 铅笔芯","false_friend","0.20","0.90","high","4","Two visual source records","Kirk-Greene and TEM4","LEXI_BRIDGE_FF4","FF4_V1","LEXI_BRIDGE_FF4-0385","true","false-friend|tem4|lexi-bridge","ready","pending"
"dote","doter","给嫁妆; 提供","false_friend","0.20","0.90","high","4","Two visual source records","Kirk-Greene and TEM4","LEXI_BRIDGE_FF4","FF4_V1","LEXI_BRIDGE_FF4-0386","true","false-friend|tem4|lexi-bridge","ready","pending"
"ravished","ravi","欣喜的; 高兴的","false_friend","0.20","0.90","high","4","Two visual source records","Kirk-Greene and TEM4","LEXI_BRIDGE_FF4","FF4_V1","LEXI_BRIDGE_FF4-0387","true","false-friend|tem4|lexi-bridge","ready","pending"
"useless","inutile","无用的; 徒劳的; 无意义的","false_friend","0.20","0.90","high","4","Two visual source records","Kirk-Greene and TEM4","LEXI_BRIDGE_FF4","FF4_V1","LEXI_BRIDGE_FF4-0388","true","false-friend|tem4|lexi-bridge","ready","pending"
"exact","exact","准时的; 正确的","false_friend","0.20","0.90","high","4","Two visual source records","Kirk-Greene and TEM4","LEXI_BRIDGE_FF4","FF4_V1","LEXI_BRIDGE_FF4-0389","true","false-friend|tem4|lexi-bridge","ready","pending"
"famous","fameux","著名的; 极好的; 真正的","false_friend","0.20","0.90","high","4","Two visual source records","Kirk-Greene and TEM4","LEXI_BRIDGE_FF4","FF4_V1","LEXI_BRIDGE_FF4-0390","true","false-friend|tem4|lexi-bridge","ready","pending"
"dress","dresser","竖立; 制定; 训练; 起身","false_friend","0.20","0.90","high","4","Two visual source records","Kirk-Greene and TEM4","LEXI_BRIDGE_FF4","FF4_V1","LEXI_BRIDGE_FF4-0391","true","false-friend|tem4|lexi-bridge","ready","pending"
"mark","marquer","标记; 给人深刻印象","false_friend","0.20","0.90","high","4","Two visual source records","Kirk-Greene and TEM4","LEXI_BRIDGE_FF4","FF4_V1","LEXI_BRIDGE_FF4-0392","true","false-friend|tem4|lexi-bridge","ready","pending"
"save","sauver","救; 逃跑; 沸腾溢出","false_friend","0.20","0.90","high","4","Two visual source records","Kirk-Greene and TEM4","LEXI_BRIDGE_FF4","FF4_V1","LEXI_BRIDGE_FF4-0393","true","false-friend|tem4|lexi-bridge","ready","pending"
"sector","secteur","区域; 行业; 市电","false_friend","0.20","0.90","high","4","Two visual source records","Kirk-Greene and TEM4","LEXI_BRIDGE_FF4","FF4_V1","LEXI_BRIDGE_FF4-0394","true","false-friend|tem4|lexi-bridge","ready","pending"
"sold","solde","余额; 清仓存货; 军饷","false_friend","0.20","0.90","high","4","Two visual source records","Kirk-Greene and TEM4","LEXI_BRIDGE_FF4","FF4_V1","LEXI_BRIDGE_FF4-0395","true","false-friend|tem4|lexi-bridge","ready","pending"
"pose","poser","摆姿势; 放置; 提出问题; 安装","false_friend","0.20","0.90","high","4","Two visual source records","Kirk-Greene and TEM4","LEXI_BRIDGE_FF4","FF4_V1","LEXI_BRIDGE_FF4-0396","true","false-friend|tem4|lexi-bridge","ready","pending"
"ornament","ornement","装饰; 美化; 装饰品","false_friend","0.20","0.90","high","4","Two visual source records","Kirk-Greene and TEM4","LEXI_BRIDGE_FF4","FF4_V1","LEXI_BRIDGE_FF4-0397","true","false-friend|tem4|lexi-bridge","ready","pending"
"revenue","revenu","收入","false_friend","0.20","0.90","high","4","Two visual source records","Kirk-Greene and TEM4","LEXI_BRIDGE_FF4","FF4_V1","LEXI_BRIDGE_FF4-0398","true","false-friend|tem4|lexi-bridge","ready","pending"
"fascinate","fasciner","催眠般迷住; 吸引; 迷住","false_friend","0.20","0.90","high","4","Two visual source records","Kirk-Greene and TEM4","LEXI_BRIDGE_FF4","FF4_V1","LEXI_BRIDGE_FF4-0399","true","false-friend|tem4|lexi-bridge","ready","pending"
"envy","envie","欲望; 愿望; 想要","false_friend","0.20","0.90","high","4","Two visual source records","Kirk-Greene and TEM4","LEXI_BRIDGE_FF4","FF4_V1","LEXI_BRIDGE_FF4-0400","true","false-friend|tem4|lexi-bridge","ready","pending"
"placard","placard","壁橱; 海报; 报纸插页广告","false_friend","0.20","0.90","high","4","Two visual source records","Kirk-Greene and TEM4","LEXI_BRIDGE_FF4","FF4_V1","LEXI_BRIDGE_FF4-0401","true","false-friend|tem4|lexi-bridge","ready","pending"
"expose","exposer","陈列; 展示; 揭示","false_friend","0.20","0.90","high","4","Two visual source records","Kirk-Greene and TEM4","LEXI_BRIDGE_FF4","FF4_V1","LEXI_BRIDGE_FF4-0402","true","false-friend|tem4|lexi-bridge","ready","pending"
"quay","quai","码头; 河岸; 站台","false_friend","0.20","0.90","high","4","Two visual source records","Kirk-Greene and TEM4","LEXI_BRIDGE_FF4","FF4_V1","LEXI_BRIDGE_FF4-0403","true","false-friend|tem4|lexi-bridge","ready","pending"
"impressive","impressionnant","给人深刻印象的; 令人不安的; 令人震撼的","false_friend","0.20","0.90","high","4","Two visual source records","Kirk-Greene and TEM4","LEXI_BRIDGE_FF4","FF4_V1","LEXI_BRIDGE_FF4-0404","true","false-friend|tem4|lexi-bridge","ready","pending"
"syndicate","syndicat","工会; 行业协会; 旅游局","false_friend","0.20","0.90","high","4","Two visual source records","Kirk-Greene and TEM4","LEXI_BRIDGE_FF4","FF4_V1","LEXI_BRIDGE_FF4-0405","true","false-friend|tem4|lexi-bridge","ready","pending"
"chagrin","chagrin","悲伤; 鲨鱼皮","false_friend","0.20","0.90","high","4","Two visual source records","Kirk-Greene and TEM4","LEXI_BRIDGE_FF4","FF4_V1","LEXI_BRIDGE_FF4-0406","true","false-friend|tem4|lexi-bridge","ready","pending"
"term","terme","术语; 期限; 界限; 季度","false_friend","0.20","0.90","high","4","Two visual source records","Kirk-Greene and TEM4","LEXI_BRIDGE_FF4","FF4_V1","LEXI_BRIDGE_FF4-0407","true","false-friend|tem4|lexi-bridge","ready","pending"
"condemn","condamner","谴责; 封死（门窗）","false_friend","0.20","0.90","high","4","Two visual source records","Kirk-Greene and TEM4","LEXI_BRIDGE_FF4","FF4_V1","LEXI_BRIDGE_FF4-0408","true","false-friend|tem4|lexi-bridge","ready","pending"
"exploit","exploit","功绩; 诉状; 传票","false_friend","0.20","0.90","high","4","Two visual source records","Kirk-Greene and TEM4","LEXI_BRIDGE_FF4","FF4_V1","LEXI_BRIDGE_FF4-0409","true","false-friend|tem4|lexi-bridge","ready","pending"
"quart","quart","四分之一; 一刻钟; 半升瓶; （船）值班; 军用水杯","false_friend","0.20","0.90","high","4","Two visual source records","Kirk-Greene and TEM4","LEXI_BRIDGE_FF4","FF4_V1","LEXI_BRIDGE_FF4-0410","true","false-friend|tem4|lexi-bridge","ready","pending"
"restore","restaurer","修复; 使恢复精力（食物）","false_friend","0.20","0.90","high","4","Two visual source records","Kirk-Greene and TEM4","LEXI_BRIDGE_FF4","FF4_V1","LEXI_BRIDGE_FF4-0411","true","false-friend|tem4|lexi-bridge","ready","pending"
"engage","engager","雇用; 典当; 约束; 入伍; 驶入","false_friend","0.20","0.90","high","4","Two visual source records","Kirk-Greene and TEM4","LEXI_BRIDGE_FF4","FF4_V1","LEXI_BRIDGE_FF4-0412","true","false-friend|tem4|lexi-bridge","ready","pending"
"confound","confondre","使困惑; 混淆; 混合","false_friend","0.20","0.90","high","4","Two visual source records","Kirk-Greene and TEM4","LEXI_BRIDGE_FF4","FF4_V1","LEXI_BRIDGE_FF4-0413","true","false-friend|tem4|lexi-bridge","ready","pending"
"expertise","expertise","专家鉴定; 估价","false_friend","0.20","0.90","high","4","Two visual source records","Kirk-Greene and TEM4","LEXI_BRIDGE_FF4","FF4_V1","LEXI_BRIDGE_FF4-0414","true","false-friend|tem4|lexi-bridge","ready","pending"
"onion","oignon","洋葱; 球根; 脚趾鸡眼","false_friend","0.20","0.90","high","4","Two visual source records","Kirk-Greene and TEM4","LEXI_BRIDGE_FF4","FF4_V1","LEXI_BRIDGE_FF4-0415","true","false-friend|tem4|lexi-bridge","ready","pending"
"signal","signaler","指出; 报告; 标示","false_friend","0.20","0.90","high","4","Two visual source records","Kirk-Greene and TEM4","LEXI_BRIDGE_FF4","FF4_V1","LEXI_BRIDGE_FF4-0416","true","false-friend|tem4|lexi-bridge","ready","pending"
"virtual","virtuel","可能的; 潜在的; 技术意义的虚拟","false_friend","0.20","0.90","high","4","Two visual source records","Kirk-Greene and TEM4","LEXI_BRIDGE_FF4","FF4_V1","LEXI_BRIDGE_FF4-0417","true","false-friend|tem4|lexi-bridge","ready","pending"
"temple","temple","新教教堂","false_friend","0.20","0.90","high","4","Two visual source records","Kirk-Greene and TEM4","LEXI_BRIDGE_FF4","FF4_V1","LEXI_BRIDGE_FF4-0418","true","false-friend|tem4|lexi-bridge","ready","pending"
"information","information","法律调查; 新闻; 数据; 资料","false_friend","0.20","0.90","high","4","Two visual source records","Kirk-Greene and TEM4","LEXI_BRIDGE_FF4","FF4_V1","LEXI_BRIDGE_FF4-0419","true","false-friend|tem4|lexi-bridge","ready","pending"
"type","type","类型; 家伙（口语）","false_friend","0.20","0.90","high","4","Two visual source records","Kirk-Greene and TEM4","LEXI_BRIDGE_FF4","FF4_V1","LEXI_BRIDGE_FF4-0420","true","false-friend|tem4|lexi-bridge","ready","pending"
"provoke","provoquer","引起; 导致; 带来","false_friend","0.20","0.90","high","4","Two visual source records","Kirk-Greene and TEM4","LEXI_BRIDGE_FF4","FF4_V1","LEXI_BRIDGE_FF4-0421","true","false-friend|tem4|lexi-bridge","ready","pending"
"guard","garder","保留; 保存; 看守","false_friend","0.20","0.90","high","4","Two visual source records","Kirk-Greene and TEM4","LEXI_BRIDGE_FF4","FF4_V1","LEXI_BRIDGE_FF4-0422","true","false-friend|tem4|lexi-bridge","ready","pending"
"patient","patient","病人; 接受治疗者","false_friend","0.20","0.90","high","4","Two visual source records","Kirk-Greene and TEM4","LEXI_BRIDGE_FF4","FF4_V1","LEXI_BRIDGE_FF4-0423","true","false-friend|tem4|lexi-bridge","ready","pending"
"gorge","gorge","峡谷; 喉咙; 危险地带","false_friend","0.20","0.90","high","4","Two visual source records","Kirk-Greene and TEM4","LEXI_BRIDGE_FF4","FF4_V1","LEXI_BRIDGE_FF4-0424","true","false-friend|tem4|lexi-bridge","ready","pending"
"commode","commode","五斗柜; 方便的","false_friend","0.20","0.90","high","4","Two visual source records","Kirk-Greene and TEM4","LEXI_BRIDGE_FF4","FF4_V1","LEXI_BRIDGE_FF4-0425","true","false-friend|tem4|lexi-bridge","ready","pending"
"fix","fixer","固定; 盯着看; 任命; 安顿","false_friend","0.20","0.90","high","4","Two visual source records","Kirk-Greene and TEM4","LEXI_BRIDGE_FF4","FF4_V1","LEXI_BRIDGE_FF4-0426","true","false-friend|tem4|lexi-bridge","ready","pending"
"flame","flamme","火焰; 爱情; 激情","false_friend","0.20","0.90","high","4","Two visual source records","Kirk-Greene and TEM4","LEXI_BRIDGE_FF4","FF4_V1","LEXI_BRIDGE_FF4-0427","true","false-friend|tem4|lexi-bridge","ready","pending"
"rude","rude","粗糙的; 严酷的; 强硬的; 粗鲁的","false_friend","0.20","0.90","high","4","Two visual source records","Kirk-Greene and TEM4","LEXI_BRIDGE_FF4","FF4_V1","LEXI_BRIDGE_FF4-0428","true","false-friend|tem4|lexi-bridge","ready","pending"
"mantle","manteau","外套; 壁炉台; 暗中","false_friend","0.20","0.90","high","4","Two visual source records","Kirk-Greene and TEM4","LEXI_BRIDGE_FF4","FF4_V1","LEXI_BRIDGE_FF4-0429","true","false-friend|tem4|lexi-bridge","ready","pending"
"raisin","raisin","葡萄; 黑加仑; 无核葡萄干","false_friend","0.20","0.90","high","4","Two visual source records","Kirk-Greene and TEM4","LEXI_BRIDGE_FF4","FF4_V1","LEXI_BRIDGE_FF4-0430","true","false-friend|tem4|lexi-bridge","ready","pending"
"lecturer","lecteur","读者; 大学外籍助教","false_friend","0.20","0.90","high","4","Two visual source records","Kirk-Greene and TEM4","LEXI_BRIDGE_FF4","FF4_V1","LEXI_BRIDGE_FF4-0431","true","false-friend|tem4|lexi-bridge","ready","pending"
"ski","ski","滑雪板; 滑雪","false_friend","0.20","0.90","high","4","Two visual source records","Kirk-Greene and TEM4","LEXI_BRIDGE_FF4","FF4_V1","LEXI_BRIDGE_FF4-0432","true","false-friend|tem4|lexi-bridge","ready","pending"
"line","ligne","线; 轮廓; 图形; 段落; 身材; 航线; 写一句","false_friend","0.20","0.90","high","4","Two visual source records","Kirk-Greene and TEM4","LEXI_BRIDGE_FF4","FF4_V1","LEXI_BRIDGE_FF4-0433","true","false-friend|tem4|lexi-bridge","ready","pending"
"future","futur","未婚夫; 未来","false_friend","0.20","0.90","high","4","Two visual source records","Kirk-Greene and TEM4","LEXI_BRIDGE_FF4","FF4_V1","LEXI_BRIDGE_FF4-0434","true","false-friend|tem4|lexi-bridge","ready","pending"
"ignore","ignorer","不知道; 未察觉; 忽视","false_friend","0.20","0.90","high","4","Two visual source records","Kirk-Greene and TEM4","LEXI_BRIDGE_FF4","FF4_V1","LEXI_BRIDGE_FF4-0435","true","false-friend|tem4|lexi-bridge","ready","pending"
"tire","tirer","拉; 抽取; 射击; 印刷; 离开","false_friend","0.20","0.90","high","4","Two visual source records","Kirk-Greene and TEM4","LEXI_BRIDGE_FF4","FF4_V1","LEXI_BRIDGE_FF4-0436","true","false-friend|tem4|lexi-bridge","ready","pending"
"course","cours","课程; 一节课","false_friend","0.20","0.90","high","4","Two visual source records","Kirk-Greene and TEM4","LEXI_BRIDGE_FF4","FF4_V1","LEXI_BRIDGE_FF4-0437","true","false-friend|tem4|lexi-bridge","ready","pending"
"racket","raquette","网球拍; 乒乓球拍; 雪鞋","false_friend","0.20","0.90","high","4","Two visual source records","Kirk-Greene and TEM4","LEXI_BRIDGE_FF4","FF4_V1","LEXI_BRIDGE_FF4-0438","true","false-friend|tem4|lexi-bridge","ready","pending"
"massive","massif","巨大的; 坚实的; 山块","false_friend","0.20","0.90","high","4","Two visual source records","Kirk-Greene and TEM4","LEXI_BRIDGE_FF4","FF4_V1","LEXI_BRIDGE_FF4-0439","true","false-friend|tem4|lexi-bridge","ready","pending"
"mobile","mobile","动机; 犯罪动机","false_friend","0.20","0.90","high","4","Two visual source records","Kirk-Greene and TEM4","LEXI_BRIDGE_FF4","FF4_V1","LEXI_BRIDGE_FF4-0440","true","false-friend|tem4|lexi-bridge","ready","pending"
"tendency","tendance","倾向; 潮流","false_friend","0.20","0.90","high","4","Two visual source records","Kirk-Greene and TEM4","LEXI_BRIDGE_FF4","FF4_V1","LEXI_BRIDGE_FF4-0441","true","false-friend|tem4|lexi-bridge","ready","pending"
"digestive","digestif","餐后利口酒; 助消化饮品","false_friend","0.20","0.90","high","4","Two visual source records","Kirk-Greene and TEM4","LEXI_BRIDGE_FF4","FF4_V1","LEXI_BRIDGE_FF4-0442","true","false-friend|tem4|lexi-bridge","ready","pending"
"pension","pension","膳宿; 小旅馆; 寄宿学校","false_friend","0.20","0.90","high","4","Two visual source records","Kirk-Greene and TEM4","LEXI_BRIDGE_FF4","FF4_V1","LEXI_BRIDGE_FF4-0443","true","false-friend|tem4|lexi-bridge","ready","pending"
"rally","rallier","集合; 归队; 靠岸","false_friend","0.20","0.90","high","4","Two visual source records","Kirk-Greene and TEM4","LEXI_BRIDGE_FF4","FF4_V1","LEXI_BRIDGE_FF4-0444","true","false-friend|tem4|lexi-bridge","ready","pending"
"express","express","快车; 浓缩咖啡","false_friend","0.20","0.90","high","4","Two visual source records","Kirk-Greene and TEM4","LEXI_BRIDGE_FF4","FF4_V1","LEXI_BRIDGE_FF4-0445","true","false-friend|tem4|lexi-bridge","ready","pending"
