"priority","risk_score","item_code","question_type","word_id","french_word","chinese_gloss","source_flags","false_friends_page_evidence","original_source_claim","applied_false_claim","review_rationale","false_friends_pdf_page","tem4_pdf_page","pedagogic_decision","reviewer_notes"
"CRITICAL","8","FF4Q-0183","TRUE_FALSE_WITH_JUSTIFICATION","LEXI_BRIDGE_FF4-0183","salaire","工资","TRUE_FALSE_TEMPLATE_FALLBACK|SOURCE_MEANINGS_EQUAL","中部；salaire 比 salary 义窄；wages=traitement/appointements。","工资","大胆的; 勇敢的","The source confusable claim shared a verified French meaning, so the generated false claim was replaced. Confirm the item still measures the intended construct. The two source-derived meaning fields are identical after punctuation normalization. Confirm whether this record belongs in a false-friends instrument.","172","143","PENDING_HUMAN_REVIEW",""
"CRITICAL","8","FF4Q-0319","TRUE_FALSE_WITH_JUSTIFICATION","LEXI_BRIDGE_FF4-0319","général","将军; 一般的","TRUE_FALSE_TEMPLATE_FALLBACK|SOURCE_MEANINGS_EQUAL","页末；général 的翻译需谨慎，少量不太可能的直译会出错；la générale 指将军之妻。","将军; 一般的","激发; 吸入","The source confusable claim shared a verified French meaning, so the generated false claim was replaced. Confirm the item still measures the intended construct. The two source-derived meaning fields are identical after punctuation normalization. Confirm whether this record belongs in a false-friends instrument.","89","251","PENDING_HUMAN_REVIEW",""
"CRITICAL","6","FF4Q-0071","TRUE_FALSE_WITH_JUSTIFICATION","LEXI_BRIDGE_FF4-0071","monter","上升; 登上; 爬上; 安装; 搬上","TRUE_FALSE_TEMPLATE_FALLBACK|HIGH_POLYSEMY","中部；monter 为 mount/come up/climb，也可安装、搬上。","登上; 山","翻到反面; 翻土; 返回; 推翻","The source confusable claim shared a verified French meaning, so the generated false claim was replaced. Confirm the item still measures the intended construct. The French gloss lists 5 senses; verify that the question and distractors test a bounded intended sense.","125","57","PENDING_HUMAN_REVIEW",""
"CRITICAL","6","FF4Q-0355","TRUE_FALSE_WITH_JUSTIFICATION","LEXI_BRIDGE_FF4-0355","relation","关系; 叙述; 熟人; 联系; 铁路/道路班次","TRUE_FALSE_TEMPLATE_FALLBACK|HIGH_POLYSEMY","中部；relation 有关系、叙述、熟人/联系及铁路道路班次等义；relations=parents/parenté。","关系; 亲属","拥有; 精通","The source confusable claim shared a verified French meaning, so the generated false claim was replaced. Confirm the item still measures the intended construct. The French gloss lists 5 senses; verify that the question and distractors test a bounded intended sense.","163","271","PENDING_HUMAN_REVIEW",""
"CRITICAL","6","FF4Q-0383","TRUE_FALSE_WITH_JUSTIFICATION","LEXI_BRIDGE_FF4-0383","passer","经过; 参加考试; 通过考试; 升职; 忽略; 越过","TRUE_FALSE_TEMPLATE_FALLBACK|HIGH_POLYSEMY","下部；passer 为 pass，并有考试、升职、忽略、越过等特定用法；通过考试=réussir à un examen。","经过; 通过","法典; 公路法规; 灯光信号","The source confusable claim shared a verified French meaning, so the generated false claim was replaced. Confirm the item still measures the intended construct. The French gloss lists 6 senses; verify that the question and distractors test a bounded intended sense.","138","303","PENDING_HUMAN_REVIEW",""
"CRITICAL","4","FF4Q-0003","TRUE_FALSE_WITH_JUSTIFICATION","LEXI_BRIDGE_FF4-0003","chance","机会; 幸运","TRUE_FALSE_TEMPLATE_FALLBACK","下部；chance includes likelihood/luck; opportunity usually occasion。","机会","断然的; 正式的; 郑重的","The source confusable claim shared a verified French meaning, so the generated false claim was replaced. Confirm the item still measures the intended construct.","34","9","PENDING_HUMAN_REVIEW",""
"CRITICAL","4","FF4Q-0007","TRUE_FALSE_WITH_JUSTIFICATION","LEXI_BRIDGE_FF4-0007","portable","便携的; 可穿戴的","TRUE_FALSE_TEMPLATE_FALLBACK","下部粗体词头；portable 为 portable，也可指可穿戴；portable（相对）=portatif。","便携的","小屋; 门房; 郊区住宅","The source confusable claim shared a verified French meaning, so the generated false claim was replaced. Confirm the item still measures the intended construct.","148","11","PENDING_HUMAN_REVIEW",""
"CRITICAL","4","FF4Q-0019","TRUE_FALSE_WITH_JUSTIFICATION","LEXI_BRIDGE_FF4-0019","imaginer","想象; 构思; 发明; 臆想","TRUE_FALSE_TEMPLATE_FALLBACK","中部；imaginer 可为 imagine，也指 invent/think up；imaginer de faire 指一时想到或臆想要做。","想象","傻瓜","The source confusable claim shared a verified French meaning, so the generated false claim was replaced. Confirm the item still measures the intended construct.","98","20","PENDING_HUMAN_REVIEW",""
"CRITICAL","4","FF4Q-0023","TRUE_FALSE_WITH_JUSTIFICATION","LEXI_BRIDGE_FF4-0023","secrétaire","秘书; 翻盖写字台","TRUE_FALSE_TEMPLATE_FALLBACK","下部；secrétaire 也指带翻盖的写字台。","秘书","解雇; 裁员","The source confusable claim shared a verified French meaning, so the generated false claim was replaced. Confirm the item still measures the intended construct.","174","26","PENDING_HUMAN_REVIEW",""
"CRITICAL","4","FF4Q-0035","TRUE_FALSE_WITH_JUSTIFICATION","LEXI_BRIDGE_FF4-0035","herbe","草本植物; 香草; 野餐; 杂草","TRUE_FALSE_TEMPLATE_FALLBACK","下部；herbe 为 herb，fines herbes 指香草；faire de l'herbe 为委婉说野餐，mauvaise herbe 为杂草。","香草","尊敬; 认为; 考虑","The source confusable claim shared a verified French meaning, so the generated false claim was replaced. Confirm the item still measures the intended construct.","95","39","PENDING_HUMAN_REVIEW",""
"CRITICAL","4","FF4Q-0055","TRUE_FALSE_WITH_JUSTIFICATION","LEXI_BRIDGE_FF4-0055","public","公共的; 国立的; 妓院（特定表达）","TRUE_FALSE_TEMPLATE_FALLBACK","页末粗体词头；public/publique 不总等同英语 public：école publique 为国立学校，maison publique 为妓院；public school=collège privé。","公共的; 公众","喊叫","The source confusable claim shared a verified French meaning, so the generated false claim was replaced. Confirm the item still measures the intended construct.","154","48","PENDING_HUMAN_REVIEW",""
"CRITICAL","4","FF4Q-0059","TRUE_FALSE_WITH_JUSTIFICATION","LEXI_BRIDGE_FF4-0059","regretter","后悔; 想念","TRUE_FALSE_TEMPLATE_FALLBACK","页末；regretter 不仅为后悔，也指想念。","后悔","共同的; 普通的; 劣质的","The source confusable claim shared a verified French meaning, so the generated false claim was replaced. Confirm the item still measures the intended construct.","162","52","PENDING_HUMAN_REVIEW",""
"CRITICAL","4","FF4Q-0063","TRUE_FALSE_WITH_JUSTIFICATION","LEXI_BRIDGE_FF4-0063","cité","城市; 大学生宿舍区; 工人住宅区","TRUE_FALSE_TEMPLATE_FALLBACK","页末；cité can be smaller than city, student hostel or housing estate。","城市","错过; 失败","The source confusable claim shared a verified French meaning, so the generated false claim was replaced. Confirm the item still measures the intended construct.","37","53","PENDING_HUMAN_REVIEW",""
"CRITICAL","4","FF4Q-0075","TRUE_FALSE_WITH_JUSTIFICATION","LEXI_BRIDGE_FF4-0075","humain","人的; 人道的","TRUE_FALSE_TEMPLATE_FALLBACK","下部；humain 同时覆盖 human 和 humane。","人道的","收入; 票房收入; 食谱","The source confusable claim shared a verified French meaning, so the generated false claim was replaced. Confirm the item still measures the intended construct.","96","59","PENDING_HUMAN_REVIEW",""
"CRITICAL","4","FF4Q-0079","TRUE_FALSE_WITH_JUSTIFICATION","LEXI_BRIDGE_FF4-0079","sens","意义; 方向; 上下颠倒","TRUE_FALSE_TEMPLATE_FALLBACK","下部；sens 为 sense，也指方向，sens dessus dessous 表示上下颠倒/混乱。","感觉; 意义","货币; 纸币; 硬币; 零钱; 常规做法","The source confusable claim shared a verified French meaning, so the generated false claim was replaced. Confirm the item still measures the intended construct.","175","60","PENDING_HUMAN_REVIEW",""
"CRITICAL","4","FF4Q-0083","TRUE_FALSE_WITH_JUSTIFICATION","LEXI_BRIDGE_FF4-0083","couvert","餐具; 餐位; 服务费; 遮盖","TRUE_FALSE_TEMPLATE_FALLBACK","上部；couvert cover/shelter/protection, table cutlery/place setting/cover charge; cover often couverture。","封面; 遮盖","看台; 教堂走廊; 讲台; 管风琴阁","The source confusable claim shared a verified French meaning, so the generated false claim was replaced. Confirm the item still measures the intended construct.","50","62","PENDING_HUMAN_REVIEW",""
"CRITICAL","4","FF4Q-0087","TRUE_FALSE_WITH_JUSTIFICATION","LEXI_BRIDGE_FF4-0087","réformer","改革; 退伍; 淘汰","TRUE_FALSE_TEMPLATE_FALLBACK","中部；réformer 可改革，也指军人退伍或物品淘汰；to reform someone=corriger。","改革; 改良","音色; 小铃; 印章; 邮票","The source confusable claim shared a verified French meaning, so the generated false claim was replaced. Confirm the item still measures the intended construct.","162","64","PENDING_HUMAN_REVIEW",""
"CRITICAL","4","FF4Q-0091","TRUE_FALSE_WITH_JUSTIFICATION","LEXI_BRIDGE_FF4-0091","excéder","使厌烦; 使恼怒; 超过","TRUE_FALSE_TEMPLATE_FALLBACK","中部；excéder 可为 exceed，也表示 tire out/upset。","超过","领带","The source confusable claim shared a verified French meaning, so the generated false claim was replaced. Confirm the item still measures the intended construct.","75","67","PENDING_HUMAN_REVIEW",""
"CRITICAL","4","FF4Q-0095","TRUE_FALSE_WITH_JUSTIFICATION","LEXI_BRIDGE_FF4-0095","industrie","工业; 技艺; 勤奋","TRUE_FALSE_TEMPLATE_FALLBACK","中下部；industrie 为现代 industry，也保留 skill/activity 旧义；industrious=hard work/application，tycoon=brasseur d'affaires/magnat。","工业; 勤奋","天才; 精灵; 工程兵","The source confusable claim shared a verified French meaning, so the generated false claim was replaced. Confirm the item still measures the intended construct.","102","71","PENDING_HUMAN_REVIEW",""
"CRITICAL","4","FF4Q-0099","TRUE_FALSE_WITH_JUSTIFICATION","LEXI_BRIDGE_FF4-0099","familier","熟悉的; 宠物的","TRUE_FALSE_TEMPLATE_FALLBACK","页首；familier 为 familiar，un animal familier 指 pet。","熟悉的","栏目; 标题","The source confusable claim shared a verified French meaning, so the generated false claim was replaced. Confirm the item still measures the intended construct.","79","77","PENDING_HUMAN_REVIEW",""
"CRITICAL","4","FF4Q-0103","TRUE_FALSE_WITH_JUSTIFICATION","LEXI_BRIDGE_FF4-0103","merci","谢谢; 怜悯","TRUE_FALSE_TEMPLATE_FALLBACK","中下部；merci 为谢谢，作阴性名词则为怜悯/恩典。","怜悯","抱怨; 索要; 要求","The source confusable claim shared a verified French meaning, so the generated false claim was replaced. Confirm the item still measures the intended construct.","122","78","PENDING_HUMAN_REVIEW",""
"CRITICAL","4","FF4Q-0107","TRUE_FALSE_WITH_JUSTIFICATION","LEXI_BRIDGE_FF4-0107","monument","纪念碑; 历史建筑; 名胜建筑","TRUE_FALSE_TEMPLATE_FALLBACK","中部；monument 为 monument，也可指历史建筑或有特殊价值的建筑。","纪念碑","实际的; 真实的; 生效的","The source confusable claim shared a verified French meaning, so the generated false claim was replaced. Confirm the item still measures the intended construct.","125","82","PENDING_HUMAN_REVIEW",""
"CRITICAL","4","FF4Q-0111","TRUE_FALSE_WITH_JUSTIFICATION","LEXI_BRIDGE_FF4-0111","détail","细节; 零售","TRUE_FALSE_TEMPLATE_FALLBACK","上部；détail Detail, and also retail。","细节","严肃的; 可靠的; 认真负责的","The source confusable claim shared a verified French meaning, so the generated false claim was replaced. Confirm the item still measures the intended construct.","62","84","PENDING_HUMAN_REVIEW",""
"CRITICAL","4","FF4Q-0115","TRUE_FALSE_WITH_JUSTIFICATION","LEXI_BRIDGE_FF4-0115","souvenir","记忆; 纪念品","TRUE_FALSE_TEMPLATE_FALLBACK","中上部；souvenir 同时可指记忆和纪念品。","纪念品","行进; 步行; 运转; 进行","The source confusable claim shared a verified French meaning, so the generated false claim was replaced. Confirm the item still measures the intended construct.","180","86","PENDING_HUMAN_REVIEW",""
"CRITICAL","4","FF4Q-0127","TRUE_FALSE_WITH_JUSTIFICATION","LEXI_BRIDGE_FF4-0127","toucher","触摸; 涉及; 领到钱; 抽取配给","TRUE_FALSE_TEMPLATE_FALLBACK","上部；toucher à 为干涉；toucher quelqu’un 可指接触人或（口语）拿钱。","触摸; 接触","非常好的; 可怕的","The source confusable claim shared a verified French meaning, so the generated false claim was replaced. Confirm the item still measures the intended construct.","190","96","PENDING_HUMAN_REVIEW",""
"CRITICAL","4","FF4Q-0131","TRUE_FALSE_WITH_JUSTIFICATION","LEXI_BRIDGE_FF4-0131","port","港口; 穿戴方式; 波特酒; 避风处","TRUE_FALSE_TEMPLATE_FALLBACK","下部粗体词头；port 为港口，也指穿戴方式，port（酒）=porto，避风处=abri。","港口; 端口","磨损; 消耗","The source confusable claim shared a verified French meaning, so the generated false claim was replaced. Confirm the item still measures the intended construct.","148","98","PENDING_HUMAN_REVIEW",""
"CRITICAL","4","FF4Q-0135","TRUE_FALSE_WITH_JUSTIFICATION","LEXI_BRIDGE_FF4-0135","carte","卡片; 地图; 菜单","TRUE_FALSE_TEMPLATE_FALLBACK","上部；carte (f) Card, map and menu; Cart = charrette。","卡片","有礼貌的; 抛光的","The source confusable claim shared a verified French meaning, so the generated false claim was replaced. Confirm the item still measures the intended construct.","32","100","PENDING_HUMAN_REVIEW",""
"CRITICAL","4","FF4Q-0139","TRUE_FALSE_WITH_JUSTIFICATION","LEXI_BRIDGE_FF4-0139","mandat","委任; 汇票; 授权","TRUE_FALSE_TEMPLATE_FALLBACK","中下部；mandat 为 mandate，也可指汇票；bearrant=garant。","授权; 任期","神圣的; 该死的（加强/贬义）","The source confusable claim shared a verified French meaning, so the generated false claim was replaced. Confirm the item still measures the intended construct.","118","107","PENDING_HUMAN_REVIEW",""
"CRITICAL","4","FF4Q-0143","TRUE_FALSE_WITH_JUSTIFICATION","LEXI_BRIDGE_FF4-0143","original","原件; 怪人","TRUE_FALSE_TEMPLATE_FALLBACK","下部；original 指文本、艺术品等原件，也可指怪人、怪才。","原件; 原创的","镶板; 围栏; 路标; 陷阱","The source confusable claim shared a verified French meaning, so the generated false claim was replaced. Confirm the item still measures the intended construct.","133","108","PENDING_HUMAN_REVIEW",""
"CRITICAL","4","FF4Q-0147","TRUE_FALSE_WITH_JUSTIFICATION","LEXI_BRIDGE_FF4-0147","mouvement","运动; 冲动; 反应; 怒火爆发","TRUE_FALSE_TEMPLATE_FALLBACK","页末；mouvement 为 movement，也可指冲动、反应；mouvement de colère 指怒火爆发。","运动; 动作","体育教练; 辅导员; 夏令营工作人员","The source confusable claim shared a verified French meaning, so the generated false claim was replaced. Confirm the item still measures the intended construct.","126","109","PENDING_HUMAN_REVIEW",""
"CRITICAL","4","FF4Q-0151","TRUE_FALSE_WITH_JUSTIFICATION","LEXI_BRIDGE_FF4-0151","château","城堡; 宫殿; 乡间大宅; 水塔","TRUE_FALSE_TEMPLATE_FALLBACK","中上部；château (m) castle/palace/country mansion; château d'eau water-tower。","城堡","装载; 使负担; 索价; （法律）控告","The source confusable claim shared a verified French meaning, so the generated false claim was replaced. Confirm the item still measures the intended construct.","36","111","PENDING_HUMAN_REVIEW",""
"CRITICAL","4","FF4Q-0155","TRUE_FALSE_WITH_JUSTIFICATION","LEXI_BRIDGE_FF4-0155","prétendre","要求; 声称","TRUE_FALSE_TEMPLATE_FALLBACK","下中部粗体词头；prétendre 是易误导词，通常为要求或声称；to pretend=faire semblant de。","假装; 声称","印象; 印刷; 错印","The source confusable claim shared a verified French meaning, so the generated false claim was replaced. Confirm the item still measures the intended construct.","151","113","PENDING_HUMAN_REVIEW",""
"CRITICAL","4","FF4Q-0175","TRUE_FALSE_WITH_JUSTIFICATION","LEXI_BRIDGE_FF4-0175","superbe","极好的; 傲慢的","TRUE_FALSE_TEMPLATE_FALLBACK","中部；旧/文学用法亦可表示傲慢。","极好的","省; 外省; 乡下（相对巴黎）","The source confusable claim shared a verified French meaning, so the generated false claim was replaced. Confirm the item still measures the intended construct.","184","136","PENDING_HUMAN_REVIEW",""
"CRITICAL","4","FF4Q-0187","TRUE_FALSE_WITH_JUSTIFICATION","LEXI_BRIDGE_FF4-0187","flatter","奉承; 取悦; 抚摸","TRUE_FALSE_TEMPLATE_FALLBACK","下部；flatter 为 flatter/please/gratify，亦为 pat/stroke。","奉承","领地; 地产; 领域; 国家财产","The source confusable claim shared a verified French meaning, so the generated false claim was replaced. Confirm the item still measures the intended construct.","82","147","PENDING_HUMAN_REVIEW",""
"CRITICAL","4","FF4Q-0203","TRUE_FALSE_WITH_JUSTIFICATION","LEXI_BRIDGE_FF4-0203","issue","出口; 出路; 紧急出口; 结果","TRUE_FALSE_TEMPLATE_FALLBACK","中部；issue 可指结果，也常为字面出口、出路；紧急出口为 issue de secours，期号为 numéro。","问题; 结果; 发行物","度; 台阶","The source confusable claim shared a verified French meaning, so the generated false claim was replaced. Confirm the item still measures the intended construct.","107","157","PENDING_HUMAN_REVIEW",""
"CRITICAL","4","FF4Q-0211","TRUE_FALSE_WITH_JUSTIFICATION","LEXI_BRIDGE_FF4-0211","objectif","目标; 相机镜头","TRUE_FALSE_TEMPLATE_FALLBACK","下半部；objectif 指目标，也指相机镜头。","目标; 客观的","消费; 饮酒","The source confusable claim shared a verified French meaning, so the generated false claim was replaced. Confirm the item still measures the intended construct.","130","159","PENDING_HUMAN_REVIEW",""
"CRITICAL","4","FF4Q-0223","TRUE_FALSE_WITH_JUSTIFICATION","LEXI_BRIDGE_FF4-0223","combiner","结合; 设法; 耍手段","TRUE_FALSE_TEMPLATE_FALLBACK","上部；combiner to combine, familiar contrive/wangle/scheme。","结合","会议; 新闻发布会; 讲座","The source confusable claim shared a verified French meaning, so the generated false claim was replaced. Confirm the item still measures the intended construct.","40","168","PENDING_HUMAN_REVIEW",""
"CRITICAL","4","FF4Q-0243","TRUE_FALSE_WITH_JUSTIFICATION","LEXI_BRIDGE_FF4-0243","rumeur","谣言; 低沉噪声","TRUE_FALSE_TEMPLATE_FALLBACK","中部；rumeur 为谣言，也可为低沉噪声。","谣言","品种; 血统","The source confusable claim shared a verified French meaning, so the generated false claim was replaced. Confirm the item still measures the intended construct.","171","186","PENDING_HUMAN_REVIEW",""
"CRITICAL","4","FF4Q-0251","TRUE_FALSE_WITH_JUSTIFICATION","LEXI_BRIDGE_FF4-0251","hexagone","六边形; 法国本土","TRUE_FALSE_TEMPLATE_FALLBACK","上部；hexagone 为 hexagon，也因轮廓形状指法国。","六边形","可能的; 潜在的","The source confusable claim shared a verified French meaning, so the generated false claim was replaced. Confirm the item still measures the intended construct.","96","193","PENDING_HUMAN_REVIEW",""
"CRITICAL","4","FF4Q-0255","TRUE_FALSE_WITH_JUSTIFICATION","LEXI_BRIDGE_FF4-0255","dragon","龙; 骑兵","TRUE_FALSE_TEMPLATE_FALLBACK","上部；dragon Both dragon and dragoon (military)。","龙","违反; 强奸; 非法侵入","The source confusable claim shared a verified French meaning, so the generated false claim was replaced. Confirm the item still measures the intended construct.","67","196","PENDING_HUMAN_REVIEW",""
"CRITICAL","4","FF4Q-0259","TRUE_FALSE_WITH_JUSTIFICATION","LEXI_BRIDGE_FF4-0259","tourner","转动; 拍摄; 表演","TRUE_FALSE_TEMPLATE_FALLBACK","中下部；电影语境还可指拍摄或出演；转身为 se retourner。","转动; 轮流","碰撞; 敲击; 轻响; 特价","The source confusable claim shared a verified French meaning, so the generated false claim was replaced. Confirm the item still measures the intended construct.","190","199","PENDING_HUMAN_REVIEW",""
"CRITICAL","4","FF4Q-0263","TRUE_FALSE_WITH_JUSTIFICATION","LEXI_BRIDGE_FF4-0263","fort","堡垒; 强项; 严冬; 强壮的人","TRUE_FALSE_TEMPLATE_FALLBACK","中部；fort 为 fort/stronghold，且有冬深、强项和强壮之人等义。","堡垒","昏暗的; 忧郁的; 愚蠢透顶的（口语）","The source confusable claim shared a verified French meaning, so the generated false claim was replaced. Confirm the item still measures the intended construct.","85","201","PENDING_HUMAN_REVIEW",""
"CRITICAL","4","FF4Q-0267","TRUE_FALSE_WITH_JUSTIFICATION","LEXI_BRIDGE_FF4-0267","pardonner","宽恕; 原谅; 致命","TRUE_FALSE_TEMPLATE_FALLBACK","中下部；pardonner 为原谅；qui ne pardonne pas 可指致命、不可宽恕。","原谅","新鲜的; 凉爽的; 清脆的","The source confusable claim shared a verified French meaning, so the generated false claim was replaced. Confirm the item still measures the intended construct.","136","206","PENDING_HUMAN_REVIEW",""
"CRITICAL","4","FF4Q-0275","TRUE_FALSE_WITH_JUSTIFICATION","LEXI_BRIDGE_FF4-0275","grave","严重的; 低沉的; 最严重的","TRUE_FALSE_TEMPLATE_FALLBACK","上部；grave 为 grave/serious，voix grave 指低沉嗓音，Nouveau Petit Larousse 释为最严重的女性名词。","坟墓; 严重的","依赖; 隶属; 悬挂取下","The source confusable claim shared a verified French meaning, so the generated false claim was replaced. Confirm the item still measures the intended construct.","93","209","PENDING_HUMAN_REVIEW",""
"CRITICAL","4","FF4Q-0299","TRUE_FALSE_WITH_JUSTIFICATION","LEXI_BRIDGE_FF4-0299","presser","压; 催促","TRUE_FALSE_TEMPLATE_FALLBACK","中部粗体词头；presser 为 press，也指催促。","压; 新闻界","保护; 禁止","The source confusable claim shared a verified French meaning, so the generated false claim was replaced. Confirm the item still measures the intended construct.","151","237","PENDING_HUMAN_REVIEW",""
"CRITICAL","4","FF4Q-0307","TRUE_FALSE_WITH_JUSTIFICATION","LEXI_BRIDGE_FF4-0307","fortune","命运; 机会; 财富; 临时凑成的物品","TRUE_FALSE_TEMPLATE_FALLBACK","中部；fortune 可为 fortune/chance/wealth；de fortune 指临时拼凑，bonne aventure 为 fortune-telling。","财富; 运气","正式通知; 笔记; 乐音; 成绩单; 账单","The source confusable claim shared a verified French meaning, so the generated false claim was replaced. Confirm the item still measures the intended construct.","85","243","PENDING_HUMAN_REVIEW",""
"CRITICAL","4","FF4Q-0311","TRUE_FALSE_WITH_JUSTIFICATION","LEXI_BRIDGE_FF4-0311","rampe","坡道; 扶手; 栏杆; 舞台脚灯","TRUE_FALSE_TEMPLATE_FALLBACK","中下部；rampe 为坡道、扶手/栏杆，也可为舞台脚灯。","坡道; 暴涨","认出; 承认; 确认","The source confusable claim shared a verified French meaning, so the generated false claim was replaced. Confirm the item still measures the intended construct.","158","245","PENDING_HUMAN_REVIEW",""
"CRITICAL","4","FF4Q-0323","TRUE_FALSE_WITH_JUSTIFICATION","LEXI_BRIDGE_FF4-0323","saisir","抓住; 理解; 提交","TRUE_FALSE_TEMPLATE_FALLBACK","中部；可指理解，也有移交警方义。","抓住","物理学","The source confusable claim shared a verified French meaning, so the generated false claim was replaced. Confirm the item still measures the intended construct.","172","253","PENDING_HUMAN_REVIEW",""
"CRITICAL","4","FF4Q-0324","SHORT_TEXT","LEXI_BRIDGE_FF4-0324","physique","物理学","SOURCE_MEANINGS_EQUAL","上部粗体词头；physique（阴性）为 physics；physique（阳性）另指体格。","","","The two source-derived meaning fields are identical after punctuation normalization. Confirm whether this record belongs in a false-friends instrument.","143","255","PENDING_HUMAN_REVIEW",""
"CRITICAL","4","FF4Q-0339","TRUE_FALSE_WITH_JUSTIFICATION","LEXI_BRIDGE_FF4-0339","quitter","离开","TRUE_FALSE_TEMPLATE_FALLBACK","页末；quitter 偶为 quit，通常为离开；to quit=abandonner。","离开; 停止","烟囱; 漏斗; 壁炉; 壁炉架","The source confusable claim shared a verified French meaning, so the generated false claim was replaced. Confirm the item still measures the intended construct.","156","262","PENDING_HUMAN_REVIEW",""
"CRITICAL","4","FF4Q-0351","TRUE_FALSE_WITH_JUSTIFICATION","LEXI_BRIDGE_FF4-0351","inciter","煽动; 鼓励; 诱惑","TRUE_FALSE_TEMPLATE_FALLBACK","中部；inciter 为 incite，也指 encourage/tempt。","煽动","推; 生长; 发出（哭喊）","The source confusable claim shared a verified French meaning, so the generated false claim was replaced. Confirm the item still measures the intended construct.","100","268","PENDING_HUMAN_REVIEW",""
"CRITICAL","4","FF4Q-0371","TRUE_FALSE_WITH_JUSTIFICATION","LEXI_BRIDGE_FF4-0371","recommander","推荐; 挂号（信件）","TRUE_FALSE_TEMPLATE_FALLBACK","上部；recommander 为推荐，也指把信件等挂号。","推荐","请求; 恳求; 申请; 争取","The source confusable claim shared a verified French meaning, so the generated false claim was replaced. Confirm the item still measures the intended construct.","161","292","PENDING_HUMAN_REVIEW",""
"CRITICAL","4","FF4Q-0387","TRUE_FALSE_WITH_JUSTIFICATION","LEXI_BRIDGE_FF4-0387","ravi","欣喜的; 高兴的","TRUE_FALSE_TEMPLATE_FALLBACK","中下部；ravi 通常为欣喜的；ravished=violé/enlevé。","欣喜的; 被掳走的","无用的; 徒劳的; 无意义的","The source confusable claim shared a verified French meaning, so the generated false claim was replaced. Confirm the item still measures the intended construct.","159","317","PENDING_HUMAN_REVIEW",""
"CRITICAL","4","FF4Q-0398","FILL_BLANK","LEXI_BRIDGE_FF4-0398","revenu","收入","SOURCE_MEANINGS_EQUAL","页末；revenu 可为 revenue，但常具体指收入。","","","The two source-derived meaning fields are identical after punctuation normalization. Confirm whether this record belongs in a false-friends instrument.","167","324","PENDING_HUMAN_REVIEW",""
"CRITICAL","4","FF4Q-0403","TRUE_FALSE_WITH_JUSTIFICATION","LEXI_BRIDGE_FF4-0403","quai","码头; 河岸; 站台","TRUE_FALSE_TEMPLATE_FALLBACK","Q 节页首；quai 指港口码头、河岸或火车站台。","码头","给人深刻印象的; 令人不安的; 令人震撼的","The source confusable claim shared a verified French meaning, so the generated false claim was replaced. Confirm the item still measures the intended construct.","156","326","PENDING_HUMAN_REVIEW",""
"CRITICAL","4","FF4Q-0407","TRUE_FALSE_WITH_JUSTIFICATION","LEXI_BRIDGE_FF4-0407","terme","术语; 期限; 界限; 季度","TRUE_FALSE_TEMPLATE_FALLBACK","上部；terme 也指期限、界限和季度，学期为 trimestre。","术语; 学期","谴责; 封死（门窗）","The source confusable claim shared a verified French meaning, so the generated false claim was replaced. Confirm the item still measures the intended construct.","188","335","PENDING_HUMAN_REVIEW",""
"CRITICAL","4","FF4Q-0411","TRUE_FALSE_WITH_JUSTIFICATION","LEXI_BRIDGE_FF4-0411","restaurer","修复; 使恢复精力（食物）","TRUE_FALSE_TEMPLATE_FALLBACK","中部；restaurer 为修复，也指食物使人恢复精力；se restaurer=进食。","修复; 恢复","雇用; 典当; 约束; 入伍; 驶入","The source confusable claim shared a verified French meaning, so the generated false claim was replaced. Confirm the item still measures the intended construct.","166","337","PENDING_HUMAN_REVIEW",""
"CRITICAL","4","FF4Q-0415","TRUE_FALSE_WITH_JUSTIFICATION","LEXI_BRIDGE_FF4-0415","oignon","洋葱; 球根; 脚趾鸡眼","TRUE_FALSE_TEMPLATE_FALLBACK","中部；oignon 为洋葱，也用于俗语、指球根或脚趾鸡眼。","洋葱","指出; 报告; 标示","The source confusable claim shared a verified French meaning, so the generated false claim was replaced. Confirm the item still measures the intended construct.","132","339","PENDING_HUMAN_REVIEW",""
"CRITICAL","4","FF4Q-0423","TRUE_FALSE_WITH_JUSTIFICATION","LEXI_BRIDGE_FF4-0423","patient","病人; 接受治疗者","TRUE_FALSE_TEMPLATE_FALLBACK","中部；patient 通常指接受医生或牙医治疗的病人；其他 patient=malade/client。","病人; 耐心的","峡谷; 喉咙; 危险地带","The source confusable claim shared a verified French meaning, so the generated false claim was replaced. Confirm the item still measures the intended construct.","139","349","PENDING_HUMAN_REVIEW",""
"CRITICAL","4","FF4Q-0427","TRUE_FALSE_WITH_JUSTIFICATION","LEXI_BRIDGE_FF4-0427","flamme","火焰; 爱情; 激情","TRUE_FALSE_TEMPLATE_FALLBACK","中部；flamme 为 flame，古典语境指 love，也指 passion/intensity of feeling。","火焰","粗糙的; 严酷的; 强硬的; 粗鲁的","The source confusable claim shared a verified French meaning, so the generated false claim was replaced. Confirm the item still measures the intended construct.","82","352","PENDING_HUMAN_REVIEW",""
"CRITICAL","4","FF4Q-0435","TRUE_FALSE_WITH_JUSTIFICATION","LEXI_BRIDGE_FF4-0435","ignorer","不知道; 未察觉; 忽视","TRUE_FALSE_TEMPLATE_FALLBACK","中下部；ignorer 可为 ignore，但常为 be unaware/not know。","忽视","拉; 抽取; 射击; 印刷; 离开","The source confusable claim shared a verified French meaning, so the generated false claim was replaced. Confirm the item still measures the intended construct.","97","360","PENDING_HUMAN_REVIEW",""
"CRITICAL","4","FF4Q-0439","TRUE_FALSE_WITH_JUSTIFICATION","LEXI_BRIDGE_FF4-0439","massif","巨大的; 坚实的; 山块","TRUE_FALSE_TEMPLATE_FALLBACK","页末；massif 为 massive，也指山块；en chêne massif 指实心橡木。","巨大的","动机; 犯罪动机","The source confusable claim shared a verified French meaning, so the generated false claim was replaced. Confirm the item still measures the intended construct.","120","360","PENDING_HUMAN_REVIEW",""
"HIGH","2","FF4Q-0006","FILL_BLANK","LEXI_BRIDGE_FF4-0006","forme","形状; 状态; 礼节; 班级; 长凳; 表格","HIGH_POLYSEMY","下部；forme 含 form/en forme、shape、figure及礼俗；学校班级=classe/banc，表格=formulaire。","","","The French gloss lists 6 senses; verify that the question and distractors test a bounded intended sense.","84","11","PENDING_HUMAN_REVIEW",""
"HIGH","2","FF4Q-0047","TRUE_FALSE_WITH_JUSTIFICATION","LEXI_BRIDGE_FF4-0047","fête","节日; 庆典; 假期; 生日庆祝; 展览会","HIGH_POLYSEMY","下部；fête 的范围较广，含 feast/festival/holiday、生日祝贺，亦泛指 display/fair/entertainment/show。","","","The French gloss lists 5 senses; verify that the question and distractors test a bounded intended sense.","80","43","PENDING_HUMAN_REVIEW",""
"HIGH","2","FF4Q-0074","FILL_BLANK","LEXI_BRIDGE_FF4-0074","piquer","刺; 蜇; 注射; 偷窃; 采摘; 啄","HIGH_POLYSEMY","下部粗体词头；piquer 可刺、蜇、注射，也俗指偷窃、常用指采摘或啄；to pick=choisir/cueillir。","","","The French gloss lists 6 senses; verify that the question and distractors test a bounded intended sense.","144","59","PENDING_HUMAN_REVIEW",""
"HIGH","2","FF4Q-0080","SHORT_TEXT","LEXI_BRIDGE_FF4-0080","monnaie","货币; 纸币; 硬币; 零钱; 常规做法","HIGH_POLYSEMY","上中部；monnaie 为货币、纸币、硬币或零钱；c'est monnaie courante 指常见做法；money=argent。","","","The French gloss lists 5 senses; verify that the question and distractors test a bounded intended sense.","125","61","PENDING_HUMAN_REVIEW",""
"HIGH","2","FF4Q-0085","SINGLE_CHOICE","LEXI_BRIDGE_FF4-0085","lier","捆绑; 连接; 交谈; 使变稠; 被褥缠身","HIGH_POLYSEMY","中部；lier 为捆绑、连接、攀谈或使酱汁变稠，se lier 可指相识；tell a lie=mentir。","","","The French gloss lists 5 senses; verify that the question and distractors test a bounded intended sense.","113","63","PENDING_HUMAN_REVIEW",""
"HIGH","2","FF4Q-0098","FILL_BLANK","LEXI_BRIDGE_FF4-0098","station","小站; 地铁站; 出租车站; 研究站; 度假地; 停顿","HIGH_POLYSEMY","上部；station 具有车站、研究站、度假地、无线电台和停顿等多义；火车站为 gare。","","","The French gloss lists 6 senses; verify that the question and distractors test a bounded intended sense.","182","75","PENDING_HUMAN_REVIEW",""
"HIGH","2","FF4Q-0101","SINGLE_CHOICE","LEXI_BRIDGE_FF4-0101","pièce","一块; 肉块; 钱币; 硬币; 零件; 衣料; 证件; 戏剧; 房间","HIGH_POLYSEMY","中下部粗体词头；pièce 可偶为 piece，但具有肉块、钱币、零件、衣料、证件、戏剧、房间等多义。","","","The French gloss lists 9 senses; verify that the question and distractors test a bounded intended sense.","143","77","PENDING_HUMAN_REVIEW",""
"HIGH","2","FF4Q-0105","SINGLE_CHOICE","LEXI_BRIDGE_FF4-0105","figure","脸; 形状; 轮廓; 数字; 身材","HIGH_POLYSEMY","页首；figure 有时为 figure，常指 face；也指 forme/silhouette/chiffre/ligne。","","","The French gloss lists 5 senses; verify that the question and distractors test a bounded intended sense.","81","82","PENDING_HUMAN_REVIEW",""
"HIGH","2","FF4Q-0120","SHORT_TEXT","LEXI_BRIDGE_FF4-0120","queue","队伍; 尾巴; 尾端; 把手; 果梗; 台球杆","HIGH_POLYSEMY","下中部；queue 为队伍、尾巴、尾端等，也可指锅柄、果梗或台球杆。","","","The French gloss lists 6 senses; verify that the question and distractors test a bounded intended sense.","156","91","PENDING_HUMAN_REVIEW",""
"HIGH","2","FF4Q-0123","TRUE_FALSE_WITH_JUSTIFICATION","LEXI_BRIDGE_FF4-0123","juste","公正的; 正确的; 准确的; 刚好; 恰好","HIGH_POLYSEMY","上中部；juste 为 just/fair/right/accurate/in tune；trop juste 指稍嫌不够，au plus juste 指最低可能价格。","","","The French gloss lists 5 senses; verify that the question and distractors test a bounded intended sense.","109","93","PENDING_HUMAN_REVIEW",""
"HIGH","2","FF4Q-0130","FILL_BLANK","LEXI_BRIDGE_FF4-0130","place","位置; 座位; 空位; 工作; 市场广场","HIGH_POLYSEMY","中部粗体词头；place 可在特定意义为 place，另指座位、空位、工作或市场广场；place=lieu/endroit。","","","The French gloss lists 5 senses; verify that the question and distractors test a bounded intended sense.","145","98","PENDING_HUMAN_REVIEW",""
"HIGH","2","FF4Q-0134","FILL_BLANK","LEXI_BRIDGE_FF4-0134","lot","份额; 地块; 命运; 大奖; 一批","HIGH_POLYSEMY","上中部；lot 为份额、地块、命运，也可指大奖或一批货物。","","","The French gloss lists 5 senses; verify that the question and distractors test a bounded intended sense.","116","99","PENDING_HUMAN_REVIEW",""
"HIGH","2","FF4Q-0161","SINGLE_CHOICE","LEXI_BRIDGE_FF4-0161","pilote","飞行员; 驾驶员; 船舶引航员; 试验性的; 低价的","HIGH_POLYSEMY","页首粗体词头；pilote 为飞行员、（赛车）驾驶员或船舶引航员，也可指试验性；boissons pilotes 指低价饮料。","","","The French gloss lists 5 senses; verify that the question and distractors test a bounded intended sense.","144","119","PENDING_HUMAN_REVIEW",""
"HIGH","2","FF4Q-0163","TRUE_FALSE_WITH_JUSTIFICATION","LEXI_BRIDGE_FF4-0163","repasser","再经过; 重越; 重考; 熨烫; 再次拜访","HIGH_POLYSEMY","中部；repasser 多义，可再经过/重越/重考，也可熨烫或再访。","","","The French gloss lists 5 senses; verify that the question and distractors test a bounded intended sense.","164","122","PENDING_HUMAN_REVIEW",""
"HIGH","2","FF4Q-0164","SHORT_TEXT","LEXI_BRIDGE_FF4-0164","retirer","拉回; 撤回; 移走; 退休; 退出","HIGH_POLYSEMY","上部；retirer 为拉回/撤回/移走，se retirer 可退休或退出；to retire=prendre sa retraite。","","","The French gloss lists 5 senses; verify that the question and distractors test a bounded intended sense.","167","126","PENDING_HUMAN_REVIEW",""
"HIGH","2","FF4Q-0165","SINGLE_CHOICE","LEXI_BRIDGE_FF4-0165","foyer","家; 炉边; 俱乐部; 中心; 病灶","HIGH_POLYSEMY","中部；foyer 不仅为剧院 foyer，主要指 home/hearth，也可为 club/centre 或传染病中心。","","","The French gloss lists 5 senses; verify that the question and distractors test a bounded intended sense.","86","127","PENDING_HUMAN_REVIEW",""
"HIGH","2","FF4Q-0167","TRUE_FALSE_WITH_JUSTIFICATION","LEXI_BRIDGE_FF4-0167","toile","布料; 亚麻布; 帆布; 背景幕布; 蛛网","HIGH_POLYSEMY","中下部；toile 指布、画布、背景幕布，也见 toile d’araignée。","","","The French gloss lists 5 senses; verify that the question and distractors test a bounded intended sense.","189","129","PENDING_HUMAN_REVIEW",""
"HIGH","2","FF4Q-0171","TRUE_FALSE_WITH_JUSTIFICATION","LEXI_BRIDGE_FF4-0171","kiosque","报刊亭; 花亭; 音乐台; 船舶驾驶室; 潜艇指挥塔; 夏季别墅","HIGH_POLYSEMY","下半部；kiosque 可指报刊或花亭、音乐台、船舶驾驶室、潜艇指挥塔或夏季别墅；电话亭为 cabine téléphonique。","","","The French gloss lists 6 senses; verify that the question and distractors test a bounded intended sense.","109","134","PENDING_HUMAN_REVIEW",""
"HIGH","2","FF4Q-0179","TRUE_FALSE_WITH_JUSTIFICATION","LEXI_BRIDGE_FF4-0179","former","形成; 制造; 塑造; 培养; 教育","HIGH_POLYSEMY","页首；former 为 form/make/fashion，亦指 train/bring up/school。","","","The French gloss lists 5 senses; verify that the question and distractors test a bounded intended sense.","85","139","PENDING_HUMAN_REVIEW",""
"HIGH","2","FF4Q-0185","SINGLE_CHOICE","LEXI_BRIDGE_FF4-0185","toilette","梳洗; 穿戴; 女装; 梳妆台; 卫生间","HIGH_POLYSEMY","中下部；faire sa toilette 为梳洗穿戴；cabinet de toilette 为卫生间。","","","The French gloss lists 5 senses; verify that the question and distractors test a bounded intended sense.","189","144","PENDING_HUMAN_REVIEW",""
"HIGH","2","FF4Q-0220","SHORT_TEXT","LEXI_BRIDGE_FF4-0220","retraite","军事撤退; 军用纹身; 静修地; 退休; 养老金","HIGH_POLYSEMY","中部；retraite 为军事撤退、退休/养老金等；draw one’s pension=toucher sa retraite。","","","The French gloss lists 5 senses; verify that the question and distractors test a bounded intended sense.","167","166","PENDING_HUMAN_REVIEW",""
"HIGH","2","FF4Q-0222","FILL_BLANK","LEXI_BRIDGE_FF4-0222","honnête","诚实的; 有礼的; 得体的; 正派的; 公平的","HIGH_POLYSEMY","中部；honnête 还可为 courteous/proper/decent/reasonable；honnête homme 古义为 gentleman，prix honnêtes 为公道价格。","","","The French gloss lists 5 senses; verify that the question and distractors test a bounded intended sense.","96","168","PENDING_HUMAN_REVIEW",""
"HIGH","2","FF4Q-0230","FILL_BLANK","LEXI_BRIDGE_FF4-0230","régulier","规则的; 公平的; 正直的; 笔直的; 现役的","HIGH_POLYSEMY","上部；régulier 有规则、公平、正直、笔直等义；regular army officer=officier d’active。","","","The French gloss lists 5 senses; verify that the question and distractors test a bounded intended sense.","163","175","PENDING_HUMAN_REVIEW",""
"HIGH","2","FF4Q-0232","SHORT_TEXT","LEXI_BRIDGE_FF4-0232","point","点; 句点; 针脚; 侧腹痛; 牛排熟度","HIGH_POLYSEMY","中部粗体词头；point 为点、句点、针脚或侧腹痛，并见多种固定搭配。","","","The French gloss lists 5 senses; verify that the question and distractors test a bounded intended sense.","147","176","PENDING_HUMAN_REVIEW",""
"HIGH","2","FF4Q-0238","FILL_BLANK","LEXI_BRIDGE_FF4-0238","retenir","留住; 扣留; 克制; 预订; 雇用","HIGH_POLYSEMY","下部；retenir 多义，包括留住/扣留/克制/预订/雇用；to retain=retenir/garder。","","","The French gloss lists 5 senses; verify that the question and distractors test a bounded intended sense.","166","179","PENDING_HUMAN_REVIEW",""
"HIGH","2","FF4Q-0258","FILL_BLANK","LEXI_BRIDGE_FF4-0258","imposer","强加; 强迫; 激发敬意; 征税; 使自己被接受","HIGH_POLYSEMY","页末；imposer 为 impose/force/inspire/command，也指向人征税和 s'imposer à quelqu'un。","","","The French gloss lists 5 senses; verify that the question and distractors test a bounded intended sense.","98","199","PENDING_HUMAN_REVIEW",""
"HIGH","2","FF4Q-0262","FILL_BLANK","LEXI_BRIDGE_FF4-0262","quartier","四分之一; 街区; 总部; 身体部位; 仁慈","HIGH_POLYSEMY","中部；quartier 有四分之一、街区、总部、身体部位、仁慈等义；quartier libre=自由时间。","","","The French gloss lists 5 senses; verify that the question and distractors test a bounded intended sense.","156","200","PENDING_HUMAN_REVIEW",""
"HIGH","2","FF4Q-0308","SHORT_TEXT","LEXI_BRIDGE_FF4-0308","note","正式通知; 笔记; 乐音; 成绩单; 账单","HIGH_POLYSEMY","下部；note 为正式通知、笔记、乐音、学校成绩单或账单；几行 note=billet/mot，货币票据=billet。","","","The French gloss lists 5 senses; verify that the question and distractors test a bounded intended sense.","129","243","PENDING_HUMAN_REVIEW",""
"HIGH","2","FF4Q-0315","TRUE_FALSE_WITH_JUSTIFICATION","LEXI_BRIDGE_FF4-0315","reporter","带回; 推迟; 延期; 新闻报道; 告发","HIGH_POLYSEMY","中部；reporter 为带回/推迟/延期，亦指新闻报道或告发。","","","The French gloss lists 5 senses; verify that the question and distractors test a bounded intended sense.","165","249","PENDING_HUMAN_REVIEW",""
"HIGH","2","FF4Q-0337","SINGLE_CHOICE","LEXI_BRIDGE_FF4-0337","interpréter","解释; 理解; 演出; 演奏; 表演","HIGH_POLYSEMY","上部；interpréter 为 interpret/explain/understand，亦指演出、演奏或表演。","","","The French gloss lists 5 senses; verify that the question and distractors test a bounded intended sense.","106","262","PENDING_HUMAN_REVIEW",""
"HIGH","2","FF4Q-0341","SINGLE_CHOICE","LEXI_BRIDGE_FF4-0341","doubler","加倍; 留级; 给衣物衬里; 为电影配音; 超车","HIGH_POLYSEMY","页末；doubler Double, repeat a class, line a garment, dub a film, double-cross, especially overtake。","","","The French gloss lists 5 senses; verify that the question and distractors test a bounded intended sense.","66","263","PENDING_HUMAN_REVIEW",""
"HIGH","2","FF4Q-0364","SHORT_TEXT","LEXI_BRIDGE_FF4-0364","pratiquer","从事（宗教、医学）; 玩（体育）; 做手术; 建造","HIGH_POLYSEMY","下部粗体词头；pratiquer 可从事宗教/医学、玩体育、做手术或建造；练钢琴=s’exercer。","","","The French gloss lists 5 senses; verify that the question and distractors test a bounded intended sense.","150","279","PENDING_HUMAN_REVIEW",""
"HIGH","2","FF4Q-0368","SHORT_TEXT","LEXI_BRIDGE_FF4-0368","relief","浮雕; 地形起伏; 突出; 剩饭; 救济","HIGH_POLYSEMY","中下部；relief 为浮雕/地形，也可指突出、剩饭或救济。","","","The French gloss lists 5 senses; verify that the question and distractors test a bounded intended sense.","163","286","PENDING_HUMAN_REVIEW",""
"HIGH","2","FF4Q-0370","FILL_BLANK","LEXI_BRIDGE_FF4-0370","rapport","报告; 账目; 收益; 关系; 比例","HIGH_POLYSEMY","页末；rapport 可为报告/账目，也有收益、关系、方面和比例等义；学校报告单=bulletin。","","","The French gloss lists 5 senses; verify that the question and distractors test a bounded intended sense.","158","289","PENDING_HUMAN_REVIEW",""
"HIGH","2","FF4Q-0377","SINGLE_CHOICE","LEXI_BRIDGE_FF4-0377","partie","部分; 一局比赛; 当事人; 狩猎队; 集合; 政治党派","HIGH_POLYSEMY","上部；partie 为部分、比赛一局、法律当事人，也见于多种短语；社交 party=surprise-party/réunion/fête，政治党派=parti。","","","The French gloss lists 6 senses; verify that the question and distractors test a bounded intended sense.","138","299","PENDING_HUMAN_REVIEW",""
"HIGH","2","FF4Q-0410","FILL_BLANK","LEXI_BRIDGE_FF4-0410","quart","四分之一; 一刻钟; 半升瓶; （船）值班; 军用水杯","HIGH_POLYSEMY","上部；quart 多义，包括一刻钟、四分之一、半升酒瓶、船上值班和军用水杯。","","","The French gloss lists 5 senses; verify that the question and distractors test a bounded intended sense.","156","336","PENDING_HUMAN_REVIEW",""
"HIGH","2","FF4Q-0412","SHORT_TEXT","LEXI_BRIDGE_FF4-0412","engager","雇用; 典当; 约束; 入伍; 驶入","HIGH_POLYSEMY","中部；engager engage servant/machine, pawn/pledge/bind; s'engager commit/enlist/enter street; room booking = réserver/tenir。","","","The French gloss lists 5 senses; verify that the question and distractors test a bounded intended sense.","72","337","PENDING_HUMAN_REVIEW",""
"HIGH","2","FF4Q-0433","SINGLE_CHOICE","LEXI_BRIDGE_FF4-0433","ligne","线; 轮廓; 图形; 段落; 身材; 航线; 写一句","HIGH_POLYSEMY","下部；ligne 可为线、轮廓、图形、段落、身材、航线，也见于多种惯用语；draw me a line=écrivez-moi un mot。","","","The French gloss lists 7 senses; verify that the question and distractors test a bounded intended sense.","113","359","PENDING_HUMAN_REVIEW",""
"HIGH","2","FF4Q-0436","SHORT_TEXT","LEXI_BRIDGE_FF4-0436","tirer","拉; 抽取; 射击; 印刷; 离开","HIGH_POLYSEMY","中部；除拉和射击外，也可印刷或离开；je me tire vite 为我马上走。","","","The French gloss lists 5 senses; verify that the question and distractors test a bounded intended sense.","189","360","PENDING_HUMAN_REVIEW",""
"MEDIUM","1","FF4Q-0026","FILL_BLANK","LEXI_BRIDGE_FF4-0026","utilitaire","商用的; 功利的","LONG_EXACT_INPUT","中部；véhicules utilitaires 指商用车辆。","","","The generated response requires an exact long French spelling; verify acceptance and normalization policy before release.","196","27","PENDING_HUMAN_REVIEW",""
"MEDIUM","1","FF4Q-0038","FILL_BLANK","LEXI_BRIDGE_FF4-0038","complémentaire","补充的; 附加的","LONG_EXACT_INPUT","下部；complémentaire supplementary/additional; complimentary = flatteur。","","","The generated response requires an exact long French spelling; verify acceptance and normalization policy before release.","41","41","PENDING_HUMAN_REVIEW",""
"MEDIUM","1","FF4Q-0078","FILL_BLANK","LEXI_BRIDGE_FF4-0078","rechercher","寻找; 搜寻; 追求","LONG_EXACT_INPUT","下中部；rechercher 为寻找/搜寻；research=chercheur/chercheuse 或 faire des recherches。","","","The generated response requires an exact long French spelling; verify acceptance and normalization policy before release.","160","60","PENDING_HUMAN_REVIEW",""
"MEDIUM","1","FF4Q-0156","SHORT_TEXT","LEXI_BRIDGE_FF4-0156","impression","印象; 印刷; 错印","LONG_EXACT_INPUT","中部；impression 可为 literal/figurative impression，也指印刷如书的第三版和错印。","","","The generated response requires an exact long French spelling; verify acceptance and normalization policy before release.","99","113","PENDING_HUMAN_REVIEW",""
"MEDIUM","1","FF4Q-0180","SHORT_TEXT","LEXI_BRIDGE_FF4-0180","expérience","经验; 实验","LONG_EXACT_INPUT","下部；expérience 可为 experience，也可指 experiment。","","","The generated response requires an exact long French spelling; verify acceptance and normalization policy before release.","76","140","PENDING_HUMAN_REVIEW",""
"MEDIUM","1","FF4Q-0224","SHORT_TEXT","LEXI_BRIDGE_FF4-0224","conférence","会议; 新闻发布会; 讲座","LONG_EXACT_INPUT","中部；conférence includes press conference and lecture; conference also congrès。","","","The generated response requires an exact long French spelling; verify acceptance and normalization policy before release.","43","169","PENDING_HUMAN_REVIEW",""
"MEDIUM","1","FF4Q-0226","FILL_BLANK","LEXI_BRIDGE_FF4-0226","disparaître","消失; 去世","LONG_EXACT_INPUT","中下部；disparaître To disappear, euphemism for die/pass away。","","","The generated response requires an exact long French spelling; verify acceptance and normalization policy before release.","64","169","PENDING_HUMAN_REVIEW",""
"MEDIUM","1","FF4Q-0236","SHORT_TEXT","LEXI_BRIDGE_FF4-0236","volontaire","自愿的; 意志坚定的","LONG_EXACT_INPUT","页末；可形容意志坚定的人。","","","The generated response requires an exact long French spelling; verify acceptance and normalization policy before release.","200","178","PENDING_HUMAN_REVIEW",""
"MEDIUM","1","FF4Q-0240","SHORT_TEXT","LEXI_BRIDGE_FF4-0240","perfectionner","改进; 完善","LONG_EXACT_INPUT","中部粗体词头；perfectionner 为以 improve 的意义使完善；to perfect=parachever/rendre parfait。","","","The generated response requires an exact long French spelling; verify acceptance and normalization policy before release.","141","184","PENDING_HUMAN_REVIEW",""
"MEDIUM","1","FF4Q-0272","SHORT_TEXT","LEXI_BRIDGE_FF4-0272","représenter","代表; 表演（戏剧）","LONG_EXACT_INPUT","中部；représenter 为代表，也指戏剧表演。","","","The generated response requires an exact long French spelling; verify acceptance and normalization policy before release.","165","208","PENDING_HUMAN_REVIEW",""
"MEDIUM","1","FF4Q-0310","FILL_BLANK","LEXI_BRIDGE_FF4-0310","introduire","引入; 介绍; 插入","LONG_EXACT_INPUT","下部；introduire 为 introduce、使相识，也指插入钥匙等。","","","The generated response requires an exact long French spelling; verify acceptance and normalization policy before release.","106","244","PENDING_HUMAN_REVIEW",""
"MEDIUM","1","FF4Q-0312","SHORT_TEXT","LEXI_BRIDGE_FF4-0312","reconnaître","认出; 承认; 确认","LONG_EXACT_INPUT","中部；reconnaître 为认出，亦可承认、认可。","","","The generated response requires an exact long French spelling; verify acceptance and normalization policy before release.","161","245","PENDING_HUMAN_REVIEW",""
"MEDIUM","1","FF4Q-0344","SHORT_TEXT","LEXI_BRIDGE_FF4-0344","enregistrer","登记; 录制","LONG_EXACT_INPUT","页末；enregistrer To register luggage and other things, record on tape。","","","The generated response requires an exact long French spelling; verify acceptance and normalization policy before release.","72","264","PENDING_HUMAN_REVIEW",""
"MEDIUM","1","FF4Q-0372","SHORT_TEXT","LEXI_BRIDGE_FF4-0372","solliciter","请求; 恳求; 申请; 争取","LONG_EXACT_INPUT","中部；可指强烈请求、申请或拉选票；文学用法还有催促。","","","The generated response requires an exact long French spelling; verify acceptance and normalization policy before release.","179","292","PENDING_HUMAN_REVIEW",""
"MEDIUM","1","FF4Q-0404","SHORT_TEXT","LEXI_BRIDGE_FF4-0404","impressionnant","给人深刻印象的; 令人不安的; 令人震撼的","LONG_EXACT_INPUT","中部；impressionnant 为 impressive，也可指 upsetting/disturbing/awesome。","","","The generated response requires an exact long French spelling; verify acceptance and normalization policy before release.","99","329","PENDING_HUMAN_REVIEW",""
"NORMAL","0","FF4Q-0001","SINGLE_CHOICE","LEXI_BRIDGE_FF4-0001","succéder","继任; 接连发生","","","","","Baseline source-backed manual pedagogic review is still required.","183","9","PENDING_HUMAN_REVIEW",""
"NORMAL","0","FF4Q-0002","FILL_BLANK","LEXI_BRIDGE_FF4-0002","plume","羽毛; 钢笔","","","","","Baseline source-backed manual pedagogic review is still required.","147","9","PENDING_HUMAN_REVIEW",""
"NORMAL","0","FF4Q-0004","SHORT_TEXT","LEXI_BRIDGE_FF4-0004","formel","断然的; 正式的; 郑重的","","","","","Baseline source-backed manual pedagogic review is still required.","84","10","PENDING_HUMAN_REVIEW",""
"NORMAL","0","FF4Q-0005","SINGLE_CHOICE","LEXI_BRIDGE_FF4-0005","formellement","断然地; 明确地","","","","","Baseline source-backed manual pedagogic review is still required.","84","11","PENDING_HUMAN_REVIEW",""
"NORMAL","0","FF4Q-0008","SHORT_TEXT","LEXI_BRIDGE_FF4-0008","pavillon","小屋; 门房; 郊区住宅","","","","","Baseline source-backed manual pedagogic review is still required.","140","13","PENDING_HUMAN_REVIEW",""
"NORMAL","0","FF4Q-0009","SINGLE_CHOICE","LEXI_BRIDGE_FF4-0009","surnommer","给人起绰号","","","","","Baseline source-backed manual pedagogic review is still required.","185","13","PENDING_HUMAN_REVIEW",""
"NORMAL","0","FF4Q-0010","FILL_BLANK","LEXI_BRIDGE_FF4-0010","compenser","弥补; 抵消; 调整","","","","","Baseline source-backed manual pedagogic review is still required.","41","13","PENDING_HUMAN_REVIEW",""
"NORMAL","0","FF4Q-0011","TRUE_FALSE_WITH_JUSTIFICATION","LEXI_BRIDGE_FF4-0011","vexer","使不快; 冒犯; 伤害","","","","","Baseline source-backed manual pedagogic review is still required.","199","14","PENDING_HUMAN_REVIEW",""
"NORMAL","0","FF4Q-0012","SHORT_TEXT","LEXI_BRIDGE_FF4-0012","vice","缺点; 毛病; 钳子","","","","","Baseline source-backed manual pedagogic review is still required.","199","16","PENDING_HUMAN_REVIEW",""
"NORMAL","0","FF4Q-0013","SINGLE_CHOICE","LEXI_BRIDGE_FF4-0013","plateau","高原; 托盘","","","","","Baseline source-backed manual pedagogic review is still required.","146","16","PENDING_HUMAN_REVIEW",""
"NORMAL","0","FF4Q-0014","FILL_BLANK","LEXI_BRIDGE_FF4-0014","mode","时尚; 衣着时尚","","","","","Baseline source-backed manual pedagogic review is still required.","124","17","PENDING_HUMAN_REVIEW",""
"NORMAL","0","FF4Q-0015","TRUE_FALSE_WITH_JUSTIFICATION","LEXI_BRIDGE_FF4-0015","déranger","打扰; 扰乱; 弄乱; 肠胃不适","","","","","Baseline source-backed manual pedagogic review is still required.","60","17","PENDING_HUMAN_REVIEW",""
"NORMAL","0","FF4Q-0016","SHORT_TEXT","LEXI_BRIDGE_FF4-0016","prier","祈祷; 请求; 恳求","","","","","Baseline source-backed manual pedagogic review is still required.","152","19","PENDING_HUMAN_REVIEW",""
"NORMAL","0","FF4Q-0017","SINGLE_CHOICE","LEXI_BRIDGE_FF4-0017","timide","羞怯的; 腼腆的","","","","","Baseline source-backed manual pedagogic review is still required.","189","19","PENDING_HUMAN_REVIEW",""
"NORMAL","0","FF4Q-0018","FILL_BLANK","LEXI_BRIDGE_FF4-0018","diffuser","传播; 广播; 发行","","","","","Baseline source-backed manual pedagogic review is still required.","63","19","PENDING_HUMAN_REVIEW",""
"NORMAL","0","FF4Q-0020","SHORT_TEXT","LEXI_BRIDGE_FF4-0020","sot","傻瓜","","","","","Baseline source-backed manual pedagogic review is still required.","180","21","PENDING_HUMAN_REVIEW",""
"NORMAL","0","FF4Q-0021","SINGLE_CHOICE","LEXI_BRIDGE_FF4-0021","peine","苦恼; 辛劳; 麻烦; 刑罚","","","","","Baseline source-backed manual pedagogic review is still required.","140","21","PENDING_HUMAN_REVIEW",""
"NORMAL","0","FF4Q-0022","FILL_BLANK","LEXI_BRIDGE_FF4-0022","verger","果园","","","","","Baseline source-backed manual pedagogic review is still required.","198","22","PENDING_HUMAN_REVIEW",""
"NORMAL","0","FF4Q-0024","SHORT_TEXT","LEXI_BRIDGE_FF4-0024","licencier","解雇; 裁员","","","","","Baseline source-backed manual pedagogic review is still required.","113","27","PENDING_HUMAN_REVIEW",""
"NORMAL","0","FF4Q-0025","SINGLE_CHOICE","LEXI_BRIDGE_FF4-0025","turbulent","不守规矩的; 吵闹的","","","","","Baseline source-backed manual pedagogic review is still required.","194","27","PENDING_HUMAN_REVIEW",""
"NORMAL","0","FF4Q-0027","TRUE_FALSE_WITH_JUSTIFICATION","LEXI_BRIDGE_FF4-0027","enquête","调查; 查问","","","","","Baseline source-backed manual pedagogic review is still required.","72","28","PENDING_HUMAN_REVIEW",""
"NORMAL","0","FF4Q-0028","SHORT_TEXT","LEXI_BRIDGE_FF4-0028","installer","安装; 安置; 布置房间; 显摆","","","","","Baseline source-backed manual pedagogic review is still required.","104","32","PENDING_HUMAN_REVIEW",""
"NORMAL","0","FF4Q-0029","SINGLE_CHOICE","LEXI_BRIDGE_FF4-0029","fatiguer","使疲倦; 拌沙拉","","","","","Baseline source-backed manual pedagogic review is still required.","80","33","PENDING_HUMAN_REVIEW",""
"NORMAL","0","FF4Q-0030","FILL_BLANK","LEXI_BRIDGE_FF4-0030","entraîner","训练; 带动; 引领","","","","","Baseline source-backed manual pedagogic review is still required.","73","34","PENDING_HUMAN_REVIEW",""
"NORMAL","0","FF4Q-0031","TRUE_FALSE_WITH_JUSTIFICATION","LEXI_BRIDGE_FF4-0031","caution","担保; 保证; 保释金; 押金","","","","","Baseline source-backed manual pedagogic review is still required.","33","35","PENDING_HUMAN_REVIEW",""
"NORMAL","0","FF4Q-0032","SHORT_TEXT","LEXI_BRIDGE_FF4-0032","répliquer","反驳; 回嘴","","","","","Baseline source-backed manual pedagogic review is still required.","165","35","PENDING_HUMAN_REVIEW",""
"NORMAL","0","FF4Q-0033","SINGLE_CHOICE","LEXI_BRIDGE_FF4-0033","classe","班级; 教室; 年龄组","","","","","Baseline source-backed manual pedagogic review is still required.","38","36","PENDING_HUMAN_REVIEW",""
"NORMAL","0","FF4Q-0034","FILL_BLANK","LEXI_BRIDGE_FF4-0034","science","知识; 技能; 科学","","","","","Baseline source-backed manual pedagogic review is still required.","174","36","PENDING_HUMAN_REVIEW",""
"NORMAL","0","FF4Q-0036","SHORT_TEXT","LEXI_BRIDGE_FF4-0036","estimer","尊敬; 认为; 考虑","","","","","Baseline source-backed manual pedagogic review is still required.","74","39","PENDING_HUMAN_REVIEW",""
"NORMAL","0","FF4Q-0037","SINGLE_CHOICE","LEXI_BRIDGE_FF4-0037","four","烤炉; 火炉","","","","","Baseline source-backed manual pedagogic review is still required.","85","41","PENDING_HUMAN_REVIEW",""
"NORMAL","0","FF4Q-0039","TRUE_FALSE_WITH_JUSTIFICATION","LEXI_BRIDGE_FF4-0039","villa","独立住宅; 花园小别墅","","","","","Baseline source-backed manual pedagogic review is still required.","199","41","PENDING_HUMAN_REVIEW",""
"NORMAL","0","FF4Q-0040","SHORT_TEXT","LEXI_BRIDGE_FF4-0040","gentil","好心的; 友善的; 可爱的","","","","","Baseline source-backed manual pedagogic review is still required.","90","41","PENDING_HUMAN_REVIEW",""
"NORMAL","0","FF4Q-0041","SINGLE_CHOICE","LEXI_BRIDGE_FF4-0041","disposer","安排; 布置; 使准备; 可供使用","","","","","Baseline source-backed manual pedagogic review is still required.","65","42","PENDING_HUMAN_REVIEW",""
"NORMAL","0","FF4Q-0042","FILL_BLANK","LEXI_BRIDGE_FF4-0042","découvrir","发现; 揭开; 脱帽露头","","","","","Baseline source-backed manual pedagogic review is still required.","55","42","PENDING_HUMAN_REVIEW",""
"NORMAL","0","FF4Q-0043","TRUE_FALSE_WITH_JUSTIFICATION","LEXI_BRIDGE_FF4-0043","déposer","放下; 罢免; 作证","","","","","Baseline source-backed manual pedagogic review is still required.","59","42","PENDING_HUMAN_REVIEW",""
"NORMAL","0","FF4Q-0044","SHORT_TEXT","LEXI_BRIDGE_FF4-0044","remonter","重新上升; 补货; 上发条; 使振作","","","","","Baseline source-backed manual pedagogic review is still required.","164","42","PENDING_HUMAN_REVIEW",""
"NORMAL","0","FF4Q-0045","SINGLE_CHOICE","LEXI_BRIDGE_FF4-0045","usage","使用; 惯例; 习俗; 穿用磨损","","","","","Baseline source-backed manual pedagogic review is still required.","196","42","PENDING_HUMAN_REVIEW",""
"NORMAL","0","FF4Q-0046","FILL_BLANK","LEXI_BRIDGE_FF4-0046","radio","无线电报务员; 无线电留言","","","","","Baseline source-backed manual pedagogic review is still required.","157","43","PENDING_HUMAN_REVIEW",""
"NORMAL","0","FF4Q-0048","SHORT_TEXT","LEXI_BRIDGE_FF4-0048","chef","厨师长; 首领; 站长; 头","","","","","Baseline source-backed manual pedagogic review is still required.","36","44","PENDING_HUMAN_REVIEW",""
"NORMAL","0","FF4Q-0049","SINGLE_CHOICE","LEXI_BRIDGE_FF4-0049","poursuivre","追赶; 继续; 起诉","","","","","Baseline source-backed manual pedagogic review is still required.","150","44","PENDING_HUMAN_REVIEW",""
"NORMAL","0","FF4Q-0050","FILL_BLANK","LEXI_BRIDGE_FF4-0050","trier","分类; 筛选; 挑选","","","","","Baseline source-backed manual pedagogic review is still required.","192","44","PENDING_HUMAN_REVIEW",""
"NORMAL","0","FF4Q-0051","TRUE_FALSE_WITH_JUSTIFICATION","LEXI_BRIDGE_FF4-0051","hâter","加快; 催促","","","","","Baseline source-backed manual pedagogic review is still required.","95","46","PENDING_HUMAN_REVIEW",""
"NORMAL","0","FF4Q-0052","SHORT_TEXT","LEXI_BRIDGE_FF4-0052","répéter","重复; 排练","","","","","Baseline source-backed manual pedagogic review is still required.","164","46","PENDING_HUMAN_REVIEW",""
"NORMAL","0","FF4Q-0053","SINGLE_CHOICE","LEXI_BRIDGE_FF4-0053","oriental","东方的; 东部的","","","","","Baseline source-backed manual pedagogic review is still required.","133","47","PENDING_HUMAN_REVIEW",""
"NORMAL","0","FF4Q-0054","FILL_BLANK","LEXI_BRIDGE_FF4-0054","harmonie","和谐; 管乐队","","","","","Baseline source-backed manual pedagogic review is still required.","95","47","PENDING_HUMAN_REVIEW",""
"NORMAL","0","FF4Q-0056","SHORT_TEXT","LEXI_BRIDGE_FF4-0056","crier","喊叫","","","","","Baseline source-backed manual pedagogic review is still required.","51","49","PENDING_HUMAN_REVIEW",""
"NORMAL","0","FF4Q-0057","SINGLE_CHOICE","LEXI_BRIDGE_FF4-0057","taper","敲打; 打字; 搭讪","","","","","Baseline source-backed manual pedagogic review is still required.","187","49","PENDING_HUMAN_REVIEW",""
"NORMAL","0","FF4Q-0058","FILL_BLANK","LEXI_BRIDGE_FF4-0058","raison","理由; 正确; 商号; 比例","","","","","Baseline source-backed manual pedagogic review is still required.","158","49","PENDING_HUMAN_REVIEW",""
"NORMAL","0","FF4Q-0060","SHORT_TEXT","LEXI_BRIDGE_FF4-0060","commun","共同的; 普通的; 劣质的","","","","","Baseline source-backed manual pedagogic review is still required.","41","53","PENDING_HUMAN_REVIEW",""
"NORMAL","0","FF4Q-0061","SINGLE_CHOICE","LEXI_BRIDGE_FF4-0061","chic","时髦; 天赋; 体面、好心","","","","","Baseline source-backed manual pedagogic review is still required.","36","53","PENDING_HUMAN_REVIEW",""
"NORMAL","0","FF4Q-0062","FILL_BLANK","LEXI_BRIDGE_FF4-0062","citadin","城市居民","","","","","Baseline source-backed manual pedagogic review is still required.","37","53","PENDING_HUMAN_REVIEW",""
"NORMAL","0","FF4Q-0064","SHORT_TEXT","LEXI_BRIDGE_FF4-0064","rater","错过; 失败","","","","","Baseline source-backed manual pedagogic review is still required.","159","53","PENDING_HUMAN_REVIEW",""
"NORMAL","0","FF4Q-0065","SINGLE_CHOICE","LEXI_BRIDGE_FF4-0065","sauvage","野生的; 未驯化的; 害羞的; 自由的","","","","","Baseline source-backed manual pedagogic review is still required.","173","54","PENDING_HUMAN_REVIEW",""
"NORMAL","0","FF4Q-0066","FILL_BLANK","LEXI_BRIDGE_FF4-0066","sage","明智的; 懂事的","","","","","Baseline source-backed manual pedagogic review is still required.","172","54","PENDING_HUMAN_REVIEW",""
"NORMAL","0","FF4Q-0067","TRUE_FALSE_WITH_JUSTIFICATION","LEXI_BRIDGE_FF4-0067","sympathique","友好的; 讨人喜欢的; 同情的; 神经的","","","","","Baseline source-backed manual pedagogic review is still required.","186","54","PENDING_HUMAN_REVIEW",""
"NORMAL","0","FF4Q-0068","SHORT_TEXT","LEXI_BRIDGE_FF4-0068","geste","手势","","","","","Baseline source-backed manual pedagogic review is still required.","90","54","PENDING_HUMAN_REVIEW",""
"NORMAL","0","FF4Q-0069","SINGLE_CHOICE","LEXI_BRIDGE_FF4-0069","grand","高的; 大的; 伟大的; 宏伟的","","","","","Baseline source-backed manual pedagogic review is still required.","92","55","PENDING_HUMAN_REVIEW",""
"NORMAL","0","FF4Q-0070","FILL_BLANK","LEXI_BRIDGE_FF4-0070","essence","汽油; 树木种类","","","","","Baseline source-backed manual pedagogic review is still required.","74","57","PENDING_HUMAN_REVIEW",""
"NORMAL","0","FF4Q-0072","SHORT_TEXT","LEXI_BRIDGE_FF4-0072","retourner","翻到反面; 翻土; 返回; 推翻","","","","","Baseline source-backed manual pedagogic review is still required.","167","59","PENDING_HUMAN_REVIEW",""
"NORMAL","0","FF4Q-0073","SINGLE_CHOICE","LEXI_BRIDGE_FF4-0073","courrier","信使; 邮件、邮政","","","","","Baseline source-backed manual pedagogic review is still required.","49","59","PENDING_HUMAN_REVIEW",""
"NORMAL","0","FF4Q-0076","SHORT_TEXT","LEXI_BRIDGE_FF4-0076","recette","收入; 票房收入; 食谱","","","","","Baseline source-backed manual pedagogic review is still required.","160","60","PENDING_HUMAN_REVIEW",""
"NORMAL","0","FF4Q-0077","SINGLE_CHOICE","LEXI_BRIDGE_FF4-0077","coton","棉花; 药棉","","","","","Baseline source-backed manual pedagogic review is still required.","49","60","PENDING_HUMAN_REVIEW",""
"NORMAL","0","FF4Q-0081","SINGLE_CHOICE","LEXI_BRIDGE_FF4-0081","matière","物质; 材料; 科目; 事情","","","","","Baseline source-backed manual pedagogic review is still required.","121","61","PENDING_HUMAN_REVIEW",""
"NORMAL","0","FF4Q-0082","FILL_BLANK","LEXI_BRIDGE_FF4-0082","supporter","忍受; 容忍; 承受","","","","","Baseline source-backed manual pedagogic review is still required.","184","61","PENDING_HUMAN_REVIEW",""
"NORMAL","0","FF4Q-0084","SHORT_TEXT","LEXI_BRIDGE_FF4-0084","tribune","看台; 教堂走廊; 讲台; 管风琴阁","","","","","Baseline source-backed manual pedagogic review is still required.","192","62","PENDING_HUMAN_REVIEW",""
"NORMAL","0","FF4Q-0086","FILL_BLANK","LEXI_BRIDGE_FF4-0086","facteur","邮递员; 风琴制造者; 钢琴制造者; 因素","","","","","Baseline source-backed manual pedagogic review is still required.","78","64","PENDING_HUMAN_REVIEW",""
"NORMAL","0","FF4Q-0088","SHORT_TEXT","LEXI_BRIDGE_FF4-0088","timbre","音色; 小铃; 印章; 邮票","","","","","Baseline source-backed manual pedagogic review is still required.","189","64","PENDING_HUMAN_REVIEW",""
"NORMAL","0","FF4Q-0089","SINGLE_CHOICE","LEXI_BRIDGE_FF4-0089","prévenir","预先警告; 通知; 预防; 偏见影响","","","","","Baseline source-backed manual pedagogic review is still required.","152","67","PENDING_HUMAN_REVIEW",""
"NORMAL","0","FF4Q-0090","FILL_BLANK","LEXI_BRIDGE_FF4-0090","version","版本; 译成母语的翻译练习","","","","","Baseline source-backed manual pedagogic review is still required.","198","67","PENDING_HUMAN_REVIEW",""
"NORMAL","0","FF4Q-0092","SHORT_TEXT","LEXI_BRIDGE_FF4-0092","cravate","领带","","","","","Baseline source-backed manual pedagogic review is still required.","50","69","PENDING_HUMAN_REVIEW",""
"NORMAL","0","FF4Q-0093","SINGLE_CHOICE","LEXI_BRIDGE_FF4-0093","signer","签署; 画十字圣号（se signer）","","","","","Baseline source-backed manual pedagogic review is still required.","177","69","PENDING_HUMAN_REVIEW",""
"NORMAL","0","FF4Q-0094","FILL_BLANK","LEXI_BRIDGE_FF4-0094","craquer","发出破裂声; 裂开; 崩溃; 划火柴","","","","","Baseline source-backed manual pedagogic review is still required.","50","70","PENDING_HUMAN_REVIEW",""
"NORMAL","0","FF4Q-0096","SHORT_TEXT","LEXI_BRIDGE_FF4-0096","génie","天才; 精灵; 工程兵","","","","","Baseline source-backed manual pedagogic review is still required.","90","71","PENDING_HUMAN_REVIEW",""
"NORMAL","0","FF4Q-0097","SINGLE_CHOICE","LEXI_BRIDGE_FF4-0097","édifier","启迪; 建造; 竖立","","","","","Baseline source-backed manual pedagogic review is still required.","68","74","PENDING_HUMAN_REVIEW",""
"NORMAL","0","FF4Q-0100","SHORT_TEXT","LEXI_BRIDGE_FF4-0100","rubrique","栏目; 标题","","","","","Baseline source-backed manual pedagogic review is still required.","170","77","PENDING_HUMAN_REVIEW",""
"NORMAL","0","FF4Q-0102","FILL_BLANK","LEXI_BRIDGE_FF4-0102","stage","实习期; 培训课程","","","","","Baseline source-backed manual pedagogic review is still required.","181","77","PENDING_HUMAN_REVIEW",""
"NORMAL","0","FF4Q-0104","SHORT_TEXT","LEXI_BRIDGE_FF4-0104","réclamer","抱怨; 索要; 要求","","","","","Baseline source-backed manual pedagogic review is still required.","161","80","PENDING_HUMAN_REVIEW",""
"NORMAL","0","FF4Q-0106","FILL_BLANK","LEXI_BRIDGE_FF4-0106","rentable","有利可图的; 赚钱的","","","","","Baseline source-backed manual pedagogic review is still required.","164","82","PENDING_HUMAN_REVIEW",""
"NORMAL","0","FF4Q-0108","SHORT_TEXT","LEXI_BRIDGE_FF4-0108","effectif","实际的; 真实的; 生效的","","","","","Baseline source-backed manual pedagogic review is still required.","69","83","PENDING_HUMAN_REVIEW",""
"NORMAL","0","FF4Q-0109","SINGLE_CHOICE","LEXI_BRIDGE_FF4-0109","formidable","极好的; 令人敬畏的","","","","","Baseline source-backed manual pedagogic review is still required.","85","83","PENDING_HUMAN_REVIEW",""
"NORMAL","0","FF4Q-0110","FILL_BLANK","LEXI_BRIDGE_FF4-0110","offrir","给; 赠送; 请客; 犒劳自己","","","","","Baseline source-backed manual pedagogic review is still required.","132","84","PENDING_HUMAN_REVIEW",""
"NORMAL","0","FF4Q-0112","SHORT_TEXT","LEXI_BRIDGE_FF4-0112","sérieux","严肃的; 可靠的; 认真负责的","","","","","Baseline source-backed manual pedagogic review is still required.","176","85","PENDING_HUMAN_REVIEW",""
"NORMAL","0","FF4Q-0113","SINGLE_CHOICE","LEXI_BRIDGE_FF4-0113","organisme","生物体; 组织机构","","","","","Baseline source-backed manual pedagogic review is still required.","133","86","PENDING_HUMAN_REVIEW",""
"NORMAL","0","FF4Q-0114","FILL_BLANK","LEXI_BRIDGE_FF4-0114","file","队列; 一列; 档案夹; 金属锉","","","","","Baseline source-backed manual pedagogic review is still required.","81","86","PENDING_HUMAN_REVIEW",""
"NORMAL","0","FF4Q-0116","SHORT_TEXT","LEXI_BRIDGE_FF4-0116","marcher","行进; 步行; 运转; 进行","","","","","Baseline source-backed manual pedagogic review is still required.","119","87","PENDING_HUMAN_REVIEW",""
"NORMAL","0","FF4Q-0117","SINGLE_CHOICE","LEXI_BRIDGE_FF4-0117","ordonner","命令; 整理; 开药; 授圣职","","","","","Baseline source-backed manual pedagogic review is still required.","133","89","PENDING_HUMAN_REVIEW",""
"NORMAL","0","FF4Q-0118","FILL_BLANK","LEXI_BRIDGE_FF4-0118","vulgaire","普通的; 日常的; 粗俗的","","","","","Baseline source-backed manual pedagogic review is still required.","201","89","PENDING_HUMAN_REVIEW",""
"NORMAL","0","FF4Q-0119","TRUE_FALSE_WITH_JUSTIFICATION","LEXI_BRIDGE_FF4-0119","fatal","不可避免的; 命中注定的","","","","","Baseline source-backed manual pedagogic review is still required.","79","89","PENDING_HUMAN_REVIEW",""
"NORMAL","0","FF4Q-0121","SINGLE_CHOICE","LEXI_BRIDGE_FF4-0121","veine","静脉; 好运（口语）","","","","","Baseline source-backed manual pedagogic review is still required.","197","91","PENDING_HUMAN_REVIEW",""
"NORMAL","0","FF4Q-0122","FILL_BLANK","LEXI_BRIDGE_FF4-0122","car","长途汽车; 客车; 警车厢式车","","","","","Baseline source-backed manual pedagogic review is still required.","31","92","PENDING_HUMAN_REVIEW",""
"NORMAL","0","FF4Q-0124","SHORT_TEXT","LEXI_BRIDGE_FF4-0124","scolaire","在校学生","","","","","Baseline source-backed manual pedagogic review is still required.","174","94","PENDING_HUMAN_REVIEW",""
"NORMAL","0","FF4Q-0125","SINGLE_CHOICE","LEXI_BRIDGE_FF4-0125","sort","命运; 处置; 魔法","","","","","Baseline source-backed manual pedagogic review is still required.","179","96","PENDING_HUMAN_REVIEW",""
"NORMAL","0","FF4Q-0126","FILL_BLANK","LEXI_BRIDGE_FF4-0126","paradis","天堂; 剧院顶层座位","","","","","Baseline source-backed manual pedagogic review is still required.","136","96","PENDING_HUMAN_REVIEW",""
"NORMAL","0","FF4Q-0128","SHORT_TEXT","LEXI_BRIDGE_FF4-0128","terrible","非常好的; 可怕的","","","","","Baseline source-backed manual pedagogic review is still required.","188","97","PENDING_HUMAN_REVIEW",""
"NORMAL","0","FF4Q-0129","SINGLE_CHOICE","LEXI_BRIDGE_FF4-0129","zinc","锌; 酒吧柜台; 飞机（口语）","","","","","Baseline source-backed manual pedagogic review is still required.","202","98","PENDING_HUMAN_REVIEW",""
"NORMAL","0","FF4Q-0132","SHORT_TEXT","LEXI_BRIDGE_FF4-0132","user","磨损; 消耗","","","","","Baseline source-backed manual pedagogic review is still required.","196","98","PENDING_HUMAN_REVIEW",""
"NORMAL","0","FF4Q-0133","SINGLE_CHOICE","LEXI_BRIDGE_FF4-0133","dériver","派生; 改道; 漂流","","","","","Baseline source-backed manual pedagogic review is still required.","60","99","PENDING_HUMAN_REVIEW",""
"NORMAL","0","FF4Q-0136","SHORT_TEXT","LEXI_BRIDGE_FF4-0136","poli","有礼貌的; 抛光的","","","","","Baseline source-backed manual pedagogic review is still required.","147","100","PENDING_HUMAN_REVIEW",""
"NORMAL","0","FF4Q-0137","SINGLE_CHOICE","LEXI_BRIDGE_FF4-0137","gros","大的; 胖的; 粗大的; 响亮的","","","","","Baseline source-backed manual pedagogic review is still required.","93","101","PENDING_HUMAN_REVIEW",""
"NORMAL","0","FF4Q-0138","FILL_BLANK","LEXI_BRIDGE_FF4-0138","mémoire","备忘录; 业务报告; 论文; 回忆录","","","","","Baseline source-backed manual pedagogic review is still required.","122","102","PENDING_HUMAN_REVIEW",""
"NORMAL","0","FF4Q-0140","SHORT_TEXT","LEXI_BRIDGE_FF4-0140","sacré","神圣的; 该死的（加强/贬义）","","","","","Baseline source-backed manual pedagogic review is still required.","171","107","PENDING_HUMAN_REVIEW",""
"NORMAL","0","FF4Q-0141","SINGLE_CHOICE","LEXI_BRIDGE_FF4-0141","goutte","水滴; 少量","","","","","Baseline source-backed manual pedagogic review is still required.","91","107","PENDING_HUMAN_REVIEW",""
"NORMAL","0","FF4Q-0142","FILL_BLANK","LEXI_BRIDGE_FF4-0142","col","衣领; 山口; 瓶颈","","","","","Baseline source-backed manual pedagogic review is still required.","39","107","PENDING_HUMAN_REVIEW",""
"NORMAL","0","FF4Q-0144","SHORT_TEXT","LEXI_BRIDGE_FF4-0144","panneau","镶板; 围栏; 路标; 陷阱","","","","","Baseline source-backed manual pedagogic review is still required.","135","108","PENDING_HUMAN_REVIEW",""
"NORMAL","0","FF4Q-0145","SINGLE_CHOICE","LEXI_BRIDGE_FF4-0145","époque","时代; 时期; 当时","","","","","Baseline source-backed manual pedagogic review is still required.","73","109","PENDING_HUMAN_REVIEW",""
"NORMAL","0","FF4Q-0146","FILL_BLANK","LEXI_BRIDGE_FF4-0146","rouler","滚动; 行进; 旅行; 欺骗","","","","","Baseline source-backed manual pedagogic review is still required.","170","109","PENDING_HUMAN_REVIEW",""
"NORMAL","0","FF4Q-0148","SHORT_TEXT","LEXI_BRIDGE_FF4-0148","moniteur","体育教练; 辅导员; 夏令营工作人员","","","","","Baseline source-backed manual pedagogic review is still required.","125","111","PENDING_HUMAN_REVIEW",""
"NORMAL","0","FF4Q-0149","SINGLE_CHOICE","LEXI_BRIDGE_FF4-0149","résumer","概括; 总结","","","","","Baseline source-backed manual pedagogic review is still required.","166","111","PENDING_HUMAN_REVIEW",""
"NORMAL","0","FF4Q-0150","FILL_BLANK","LEXI_BRIDGE_FF4-0150","serviette","毛巾; 餐巾; 公文包","","","","","Baseline source-backed manual pedagogic review is still required.","176","111","PENDING_HUMAN_REVIEW",""
"NORMAL","0","FF4Q-0152","SHORT_TEXT","LEXI_BRIDGE_FF4-0152","charger","装载; 使负担; 索价; （法律）控告","","","","","Baseline source-backed manual pedagogic review is still required.","35","111","PENDING_HUMAN_REVIEW",""
"NORMAL","0","FF4Q-0153","SINGLE_CHOICE","LEXI_BRIDGE_FF4-0153","charge","负担; 职责; 照料; 收费","","","","","Baseline source-backed manual pedagogic review is still required.","35","112","PENDING_HUMAN_REVIEW",""
"NORMAL","0","FF4Q-0154","FILL_BLANK","LEXI_BRIDGE_FF4-0154","contester","争议; 抗议; 反对","","","","","Baseline source-backed manual pedagogic review is still required.","46","112","PENDING_HUMAN_REVIEW",""
"NORMAL","0","FF4Q-0157","SINGLE_CHOICE","LEXI_BRIDGE_FF4-0157","confus","困惑的; 尴尬的","","","","","Baseline source-backed manual pedagogic review is still required.","44","113","PENDING_HUMAN_REVIEW",""
"NORMAL","0","FF4Q-0158","FILL_BLANK","LEXI_BRIDGE_FF4-0158","scène","戏剧场景; 事件发生地点","","","","","Baseline source-backed manual pedagogic review is still required.","173","114","PENDING_HUMAN_REVIEW",""
"NORMAL","0","FF4Q-0159","TRUE_FALSE_WITH_JUSTIFICATION","LEXI_BRIDGE_FF4-0159","demander","询问; 请求; 想知道; 叫牌","","","","","Baseline source-backed manual pedagogic review is still required.","58","115","PENDING_HUMAN_REVIEW",""
"NORMAL","0","FF4Q-0160","SHORT_TEXT","LEXI_BRIDGE_FF4-0160","fumer","吸烟; 发怒; 施肥","","","","","Baseline source-backed manual pedagogic review is still required.","87","115","PENDING_HUMAN_REVIEW",""
"NORMAL","0","FF4Q-0162","FILL_BLANK","LEXI_BRIDGE_FF4-0162","fièvre","发烧; 兴奋","","","","","Baseline source-backed manual pedagogic review is still required.","80","120","PENDING_HUMAN_REVIEW",""
"NORMAL","0","FF4Q-0166","FILL_BLANK","LEXI_BRIDGE_FF4-0166","cause","原因; 诉讼案件; 起诉","","","","","Baseline source-backed manual pedagogic review is still required.","33","128","PENDING_HUMAN_REVIEW",""
"NORMAL","0","FF4Q-0168","SHORT_TEXT","LEXI_BRIDGE_FF4-0168","embarras","困难; 经济拮据; 选择困难; 肠胃不适","","","","","Baseline source-backed manual pedagogic review is still required.","70","130","PENDING_HUMAN_REVIEW",""
"NORMAL","0","FF4Q-0169","SINGLE_CHOICE","LEXI_BRIDGE_FF4-0169","conduire","引导; 驾驶; 输送; 行为举止","","","","","Baseline source-backed manual pedagogic review is still required.","43","130","PENDING_HUMAN_REVIEW",""
"NORMAL","0","FF4Q-0170","FILL_BLANK","LEXI_BRIDGE_FF4-0170","primitif","原始的; 最初的","","","","","Baseline source-backed manual pedagogic review is still required.","152","132","PENDING_HUMAN_REVIEW",""
"NORMAL","0","FF4Q-0172","SHORT_TEXT","LEXI_BRIDGE_FF4-0172","trafic","交通运输","","","","","Baseline source-backed manual pedagogic review is still required.","190","135","PENDING_HUMAN_REVIEW",""
"NORMAL","0","FF4Q-0173","SINGLE_CHOICE","LEXI_BRIDGE_FF4-0173","causer","导致; 聊天","","","","","Baseline source-backed manual pedagogic review is still required.","33","135","PENDING_HUMAN_REVIEW",""
"NORMAL","0","FF4Q-0174","FILL_BLANK","LEXI_BRIDGE_FF4-0174","tablette","小桌板; 巧克力块; 搁板","","","","","Baseline source-backed manual pedagogic review is still required.","186","136","PENDING_HUMAN_REVIEW",""
"NORMAL","0","FF4Q-0176","SHORT_TEXT","LEXI_BRIDGE_FF4-0176","province","省; 外省; 乡下（相对巴黎）","","","","","Baseline source-backed manual pedagogic review is still required.","154","137","PENDING_HUMAN_REVIEW",""
"NORMAL","0","FF4Q-0177","SINGLE_CHOICE","LEXI_BRIDGE_FF4-0177","traiter","处理; 称呼; 款待; 请客","","","","","Baseline source-backed manual pedagogic review is still required.","191","139","PENDING_HUMAN_REVIEW",""
"NORMAL","0","FF4Q-0178","FILL_BLANK","LEXI_BRIDGE_FF4-0178","carrière","职业生涯; 采石场; 外交部门","","","","","Baseline source-backed manual pedagogic review is still required.","32","139","PENDING_HUMAN_REVIEW",""
"NORMAL","0","FF4Q-0181","SINGLE_CHOICE","LEXI_BRIDGE_FF4-0181","saluer","打招呼; 致意; 挥手","","","","","Baseline source-backed manual pedagogic review is still required.","172","143","PENDING_HUMAN_REVIEW",""
"NORMAL","0","FF4Q-0182","FILL_BLANK","LEXI_BRIDGE_FF4-0182","détacher","分离; 清除污渍","","","","","Baseline source-backed manual pedagogic review is still required.","61","143","PENDING_HUMAN_REVIEW",""
"NORMAL","0","FF4Q-0184","SHORT_TEXT","LEXI_BRIDGE_FF4-0184","hardi","大胆的; 勇敢的","","","","","Baseline source-backed manual pedagogic review is still required.","95","144","PENDING_HUMAN_REVIEW",""
"NORMAL","0","FF4Q-0186","FILL_BLANK","LEXI_BRIDGE_FF4-0186","spectacle","演出; 景象; 眼镜（复数）","","","","","Baseline source-backed manual pedagogic review is still required.","180","144","PENDING_HUMAN_REVIEW",""
"NORMAL","0","FF4Q-0188","SHORT_TEXT","LEXI_BRIDGE_FF4-0188","domaine","领地; 地产; 领域; 国家财产","","","","","Baseline source-backed manual pedagogic review is still required.","66","147","PENDING_HUMAN_REVIEW",""
"NORMAL","0","FF4Q-0189","SINGLE_CHOICE","LEXI_BRIDGE_FF4-0189","gomme","树胶; 橡皮擦; 橡胶","","","","","Baseline source-backed manual pedagogic review is still required.","91","147","PENDING_HUMAN_REVIEW",""
"NORMAL","0","FF4Q-0190","FILL_BLANK","LEXI_BRIDGE_FF4-0190","député","国民议会议员","","","","","Baseline source-backed manual pedagogic review is still required.","60","148","PENDING_HUMAN_REVIEW",""
"NORMAL","0","FF4Q-0191","TRUE_FALSE_WITH_JUSTIFICATION","LEXI_BRIDGE_FF4-0191","square","带花园的小广场","","","","","Baseline source-backed manual pedagogic review is still required.","181","149","PENDING_HUMAN_REVIEW",""
"NORMAL","0","FF4Q-0192","SHORT_TEXT","LEXI_BRIDGE_FF4-0192","régime","政体; 制度; 一把香蕉; 饮食法","","","","","Baseline source-backed manual pedagogic review is still required.","162","149","PENDING_HUMAN_REVIEW",""
"NORMAL","0","FF4Q-0193","SINGLE_CHOICE","LEXI_BRIDGE_FF4-0193","sain","健康的; 健全的; 安全的","","","","","Baseline source-backed manual pedagogic review is still required.","172","150","PENDING_HUMAN_REVIEW",""
"NORMAL","0","FF4Q-0194","FILL_BLANK","LEXI_BRIDGE_FF4-0194","tester","测试; 立遗嘱","","","","","Baseline source-backed manual pedagogic review is still required.","188","151","PENDING_HUMAN_REVIEW",""
"NORMAL","0","FF4Q-0195","TRUE_FALSE_WITH_JUSTIFICATION","LEXI_BRIDGE_FF4-0195","tromper","欺骗; 出错; 消磨时间","","","","","Baseline source-backed manual pedagogic review is still required.","193","151","PENDING_HUMAN_REVIEW",""
"NORMAL","0","FF4Q-0196","SHORT_TEXT","LEXI_BRIDGE_FF4-0196","complet","完整的; 全满的","","","","","Baseline source-backed manual pedagogic review is still required.","41","154","PENDING_HUMAN_REVIEW",""
"NORMAL","0","FF4Q-0197","SINGLE_CHOICE","LEXI_BRIDGE_FF4-0197","supérieur","较高的; 上层的; 上面的","","","","","Baseline source-backed manual pedagogic review is still required.","184","154","PENDING_HUMAN_REVIEW",""
"NORMAL","0","FF4Q-0198","FILL_BLANK","LEXI_BRIDGE_FF4-0198","laborieux","费力的; 辛苦的; 勤劳的; 劳动阶级的","","","","","Baseline source-backed manual pedagogic review is still required.","110","155","PENDING_HUMAN_REVIEW",""
"NORMAL","0","FF4Q-0199","TRUE_FALSE_WITH_JUSTIFICATION","LEXI_BRIDGE_FF4-0199","vaisselle","餐具; 洗碗","","","","","Baseline source-backed manual pedagogic review is still required.","196","156","PENDING_HUMAN_REVIEW",""
"NORMAL","0","FF4Q-0200","SHORT_TEXT","LEXI_BRIDGE_FF4-0200","faveur","恩惠; 偏爱; 保护","","","","","Baseline source-backed manual pedagogic review is still required.","80","156","PENDING_HUMAN_REVIEW",""
"NORMAL","0","FF4Q-0201","SINGLE_CHOICE","LEXI_BRIDGE_FF4-0201","réservoir","水箱; 煤气表; 油箱; 鱼塘","","","","","Baseline source-backed manual pedagogic review is still required.","165","156","PENDING_HUMAN_REVIEW",""
"NORMAL","0","FF4Q-0202","FILL_BLANK","LEXI_BRIDGE_FF4-0202","mineur","矿工; 未成年人; 次要的","","","","","Baseline source-backed manual pedagogic review is still required.","123","157","PENDING_HUMAN_REVIEW",""
"NORMAL","0","FF4Q-0204","SHORT_TEXT","LEXI_BRIDGE_FF4-0204","degré","度; 台阶","","","","","Baseline source-backed manual pedagogic review is still required.","57","157","PENDING_HUMAN_REVIEW",""
"NORMAL","0","FF4Q-0205","SINGLE_CHOICE","LEXI_BRIDGE_FF4-0205","ordinaire","日常惯例; 正常状态; 普通食物","","","","","Baseline source-backed manual pedagogic review is still required.","133","158","PENDING_HUMAN_REVIEW",""
"NORMAL","0","FF4Q-0206","FILL_BLANK","LEXI_BRIDGE_FF4-0206","ventiler","通风; 分别估价; 拆分分析","","","","","Baseline source-backed manual pedagogic review is still required.","198","158","PENDING_HUMAN_REVIEW",""
"NORMAL","0","FF4Q-0207","TRUE_FALSE_WITH_JUSTIFICATION","LEXI_BRIDGE_FF4-0207","langage","特定用语; 技术语言; 日常用语","","","","","Baseline source-backed manual pedagogic review is still required.","111","158","PENDING_HUMAN_REVIEW",""
"NORMAL","0","FF4Q-0208","SHORT_TEXT","LEXI_BRIDGE_FF4-0208","ponctuel","守时的; 技术上为局部的、特定的、精确的","","","","","Baseline source-backed manual pedagogic review is still required.","148","158","PENDING_HUMAN_REVIEW",""
"NORMAL","0","FF4Q-0209","SINGLE_CHOICE","LEXI_BRIDGE_FF4-0209","début","开始; 开端; 初次登场","","","","","Baseline source-backed manual pedagogic review is still required.","54","158","PENDING_HUMAN_REVIEW",""
"NORMAL","0","FF4Q-0210","FILL_BLANK","LEXI_BRIDGE_FF4-0210","parfum","香水; 香味; 冰淇淋口味","","","","","Baseline source-backed manual pedagogic review is still required.","137","159","PENDING_HUMAN_REVIEW",""
"NORMAL","0","FF4Q-0212","SHORT_TEXT","LEXI_BRIDGE_FF4-0212","consommer","消费; 饮酒","","","","","Baseline source-backed manual pedagogic review is still required.","46","161","PENDING_HUMAN_REVIEW",""
"NORMAL","0","FF4Q-0213","SINGLE_CHOICE","LEXI_BRIDGE_FF4-0213","commander","命令; 点餐订购","","","","","Baseline source-backed manual pedagogic review is still required.","40","161","PENDING_HUMAN_REVIEW",""
"NORMAL","0","FF4Q-0214","FILL_BLANK","LEXI_BRIDGE_FF4-0214","trésor","宝藏; 财政部","","","","","Baseline source-backed manual pedagogic review is still required.","192","162","PENDING_HUMAN_REVIEW",""
"NORMAL","0","FF4Q-0215","TRUE_FALSE_WITH_JUSTIFICATION","LEXI_BRIDGE_FF4-0215","commettre","犯（罪）; 任命; 使入狱; 使陷入风险","","","","","Baseline source-backed manual pedagogic review is still required.","40","162","PENDING_HUMAN_REVIEW",""
"NORMAL","0","FF4Q-0216","SHORT_TEXT","LEXI_BRIDGE_FF4-0216","concret","具体的; 现实的","","","","","Baseline source-backed manual pedagogic review is still required.","42","162","PENDING_HUMAN_REVIEW",""
"NORMAL","0","FF4Q-0217","SINGLE_CHOICE","LEXI_BRIDGE_FF4-0217","isoler","隔离; 绝缘","","","","","Baseline source-backed manual pedagogic review is still required.","107","164","PENDING_HUMAN_REVIEW",""
"NORMAL","0","FF4Q-0218","FILL_BLANK","LEXI_BRIDGE_FF4-0218","théorie","理论; 队列; 行列","","","","","Baseline source-backed manual pedagogic review is still required.","188","165","PENDING_HUMAN_REVIEW",""
"NORMAL","0","FF4Q-0219","TRUE_FALSE_WITH_JUSTIFICATION","LEXI_BRIDGE_FF4-0219","mince","瘦的; 细的","","","","","Baseline source-backed manual pedagogic review is still required.","123","165","PENDING_HUMAN_REVIEW",""
"NORMAL","0","FF4Q-0221","SINGLE_CHOICE","LEXI_BRIDGE_FF4-0221","thème","主题; 散文作文","","","","","Baseline source-backed manual pedagogic review is still required.","188","168","PENDING_HUMAN_REVIEW",""
"NORMAL","0","FF4Q-0225","SINGLE_CHOICE","LEXI_BRIDGE_FF4-0225","élément","要素; 线索; 家具组件; 人","","","","","Baseline source-backed manual pedagogic review is still required.","69","169","PENDING_HUMAN_REVIEW",""
"NORMAL","0","FF4Q-0227","TRUE_FALSE_WITH_JUSTIFICATION","LEXI_BRIDGE_FF4-0227","unique","唯一的; 独生的; 单向的","","","","","Baseline source-backed manual pedagogic review is still required.","195","171","PENDING_HUMAN_REVIEW",""
"NORMAL","0","FF4Q-0228","SHORT_TEXT","LEXI_BRIDGE_FF4-0228","garage","车库; 公交车场; 飞机库; 铁路支线","","","","","Baseline source-backed manual pedagogic review is still required.","88","171","PENDING_HUMAN_REVIEW",""
"NORMAL","0","FF4Q-0229","SINGLE_CHOICE","LEXI_BRIDGE_FF4-0229","délivrer","释放; 分娩; 交付; 签发","","","","","Baseline source-backed manual pedagogic review is still required.","57","172","PENDING_HUMAN_REVIEW",""
"NORMAL","0","FF4Q-0231","TRUE_FALSE_WITH_JUSTIFICATION","LEXI_BRIDGE_FF4-0231","corde","绳子; 乐器弦; 网球拍弦; 声带","","","","","Baseline source-backed manual pedagogic review is still required.","47","176","PENDING_HUMAN_REVIEW",""
"NORMAL","0","FF4Q-0233","SINGLE_CHOICE","LEXI_BRIDGE_FF4-0233","convenir","适合; 合宜; 同意","","","","","Baseline source-backed manual pedagogic review is still required.","47","177","PENDING_HUMAN_REVIEW",""
"NORMAL","0","FF4Q-0234","FILL_BLANK","LEXI_BRIDGE_FF4-0234","rail","铁轨; 轨道; 交通运输","","","","","Baseline source-backed manual pedagogic review is still required.","158","177","PENDING_HUMAN_REVIEW",""
"NORMAL","0","FF4Q-0235","TRUE_FALSE_WITH_JUSTIFICATION","LEXI_BRIDGE_FF4-0235","pair","同等的人; 同等的; 偶数","","","","","Baseline source-backed manual pedagogic review is still required.","134","178","PENDING_HUMAN_REVIEW",""
"NORMAL","0","FF4Q-0237","SINGLE_CHOICE","LEXI_BRIDGE_FF4-0237","occasion","机会; 场合; 便宜货; 二手","","","","","Baseline source-backed manual pedagogic review is still required.","131","179","PENDING_HUMAN_REVIEW",""
"NORMAL","0","FF4Q-0239","TRUE_FALSE_WITH_JUSTIFICATION","LEXI_BRIDGE_FF4-0239","retracer","重新描画; 重述; 回忆","","","","","Baseline source-backed manual pedagogic review is still required.","167","180","PENDING_HUMAN_REVIEW",""
"NORMAL","0","FF4Q-0241","SINGLE_CHOICE","LEXI_BRIDGE_FF4-0241","lancer","投掷; 发射; 推出; 发动","","","","","Baseline source-backed manual pedagogic review is still required.","111","185","PENDING_HUMAN_REVIEW",""
"NORMAL","0","FF4Q-0242","FILL_BLANK","LEXI_BRIDGE_FF4-0242","cycle","周期; 自行车（正式）","","","","","Baseline source-backed manual pedagogic review is still required.","52","186","PENDING_HUMAN_REVIEW",""
"NORMAL","0","FF4Q-0244","SHORT_TEXT","LEXI_BRIDGE_FF4-0244","race","品种; 血统","","","","","Baseline source-backed manual pedagogic review is still required.","157","186","PENDING_HUMAN_REVIEW",""
"NORMAL","0","FF4Q-0245","SINGLE_CHOICE","LEXI_BRIDGE_FF4-0245","revanche","复仇; 扳回一局; 补偿","","","","","Baseline source-backed manual pedagogic review is still required.","167","187","PENDING_HUMAN_REVIEW",""
"NORMAL","0","FF4Q-0246","FILL_BLANK","LEXI_BRIDGE_FF4-0246","précieux","珍贵的; 宝贵的; 无价的","","","","","Baseline source-backed manual pedagogic review is still required.","150","191","PENDING_HUMAN_REVIEW",""
"NORMAL","0","FF4Q-0247","TRUE_FALSE_WITH_JUSTIFICATION","LEXI_BRIDGE_FF4-0247","casserole","深平底锅","","","","","Baseline source-backed manual pedagogic review is still required.","32","191","PENDING_HUMAN_REVIEW",""
"NORMAL","0","FF4Q-0248","SHORT_TEXT","LEXI_BRIDGE_FF4-0248","instance","坚持; 法律程序; 权威; 情况","","","","","Baseline source-backed manual pedagogic review is still required.","104","192","PENDING_HUMAN_REVIEW",""
"NORMAL","0","FF4Q-0249","SINGLE_CHOICE","LEXI_BRIDGE_FF4-0249","gourmand","贪吃的人; 卷须; 吸盘","","","","","Baseline source-backed manual pedagogic review is still required.","91","193","PENDING_HUMAN_REVIEW",""
"NORMAL","0","FF4Q-0250","FILL_BLANK","LEXI_BRIDGE_FF4-0250","dominer","支配; 俯瞰; 占优势","","","","","Baseline source-backed manual pedagogic review is still required.","66","193","PENDING_HUMAN_REVIEW",""
"NORMAL","0","FF4Q-0252","SHORT_TEXT","LEXI_BRIDGE_FF4-0252","éventuel","可能的; 潜在的","","","","","Baseline source-backed manual pedagogic review is still required.","74","194","PENDING_HUMAN_REVIEW",""
"NORMAL","0","FF4Q-0253","SINGLE_CHOICE","LEXI_BRIDGE_FF4-0253","rester","停留; 保持","","","","","Baseline source-backed manual pedagogic review is still required.","166","195","PENDING_HUMAN_REVIEW",""
"NORMAL","0","FF4Q-0254","FILL_BLANK","LEXI_BRIDGE_FF4-0254","forcer","强迫; 迫使","","","","","Baseline source-backed manual pedagogic review is still required.","83","195","PENDING_HUMAN_REVIEW",""
"NORMAL","0","FF4Q-0256","SHORT_TEXT","LEXI_BRIDGE_FF4-0256","violer","违反; 强奸; 非法侵入","","","","","Baseline source-backed manual pedagogic review is still required.","200","198","PENDING_HUMAN_REVIEW",""
"NORMAL","0","FF4Q-0257","SINGLE_CHOICE","LEXI_BRIDGE_FF4-0257","interroger","提问; 考试; 讯问","","","","","Baseline source-backed manual pedagogic review is still required.","106","198","PENDING_HUMAN_REVIEW",""
"NORMAL","0","FF4Q-0260","SHORT_TEXT","LEXI_BRIDGE_FF4-0260","choc","碰撞; 敲击; 轻响; 特价","","","","","Baseline source-backed manual pedagogic review is still required.","37","199","PENDING_HUMAN_REVIEW",""
"NORMAL","0","FF4Q-0261","SINGLE_CHOICE","LEXI_BRIDGE_FF4-0261","fondre","融化; 猛扑","","","","","Baseline source-backed manual pedagogic review is still required.","83","200","PENDING_HUMAN_REVIEW",""
"NORMAL","0","FF4Q-0264","SHORT_TEXT","LEXI_BRIDGE_FF4-0264","sombre","昏暗的; 忧郁的; 愚蠢透顶的（口语）","","","","","Baseline source-backed manual pedagogic review is still required.","179","203","PENDING_HUMAN_REVIEW",""
"NORMAL","0","FF4Q-0265","SINGLE_CHOICE","LEXI_BRIDGE_FF4-0265","commenter","评论; 解说","","","","","Baseline source-backed manual pedagogic review is still required.","40","203","PENDING_HUMAN_REVIEW",""
"NORMAL","0","FF4Q-0266","FILL_BLANK","LEXI_BRIDGE_FF4-0266","or","然而; 于是","","","","","Baseline source-backed manual pedagogic review is still required.","133","205","PENDING_HUMAN_REVIEW",""
"NORMAL","0","FF4Q-0268","SHORT_TEXT","LEXI_BRIDGE_FF4-0268","frais","新鲜的; 凉爽的; 清脆的","","","","","Baseline source-backed manual pedagogic review is still required.","86","206","PENDING_HUMAN_REVIEW",""
"NORMAL","0","FF4Q-0269","SINGLE_CHOICE","LEXI_BRIDGE_FF4-0269","revue","检阅; 杂志; 歌舞剧","","","","","Baseline source-backed manual pedagogic review is still required.","168","207","PENDING_HUMAN_REVIEW",""
"NORMAL","0","FF4Q-0270","FILL_BLANK","LEXI_BRIDGE_FF4-0270","supprimer","删除; 取消; 剥夺; 杀掉（口语）","","","","","Baseline source-backed manual pedagogic review is still required.","184","207","PENDING_HUMAN_REVIEW",""
"NORMAL","0","FF4Q-0271","TRUE_FALSE_WITH_JUSTIFICATION","LEXI_BRIDGE_FF4-0271","habit","外套; 礼服; 骑装; 僧袍","","","","","Baseline source-backed manual pedagogic review is still required.","94","207","PENDING_HUMAN_REVIEW",""
"NORMAL","0","FF4Q-0273","SINGLE_CHOICE","LEXI_BRIDGE_FF4-0273","encore","仍然; 再次","","","","","Baseline source-backed manual pedagogic review is still required.","71","208","PENDING_HUMAN_REVIEW",""
"NORMAL","0","FF4Q-0274","FILL_BLANK","LEXI_BRIDGE_FF4-0274","sympathie","好感; 投缘; 温情","","","","","Baseline source-backed manual pedagogic review is still required.","186","209","PENDING_HUMAN_REVIEW",""
"NORMAL","0","FF4Q-0276","SHORT_TEXT","LEXI_BRIDGE_FF4-0276","dépendre","依赖; 隶属; 悬挂取下","","","","","Baseline source-backed manual pedagogic review is still required.","59","215","PENDING_HUMAN_REVIEW",""
"NORMAL","0","FF4Q-0277","SINGLE_CHOICE","LEXI_BRIDGE_FF4-0277","chanter","唱歌; （鸟虫）鸣叫; 敲诈","","","","","Baseline source-backed manual pedagogic review is still required.","35","215","PENDING_HUMAN_REVIEW",""
"NORMAL","0","FF4Q-0278","FILL_BLANK","LEXI_BRIDGE_FF4-0278","folie","疯狂; 荒唐事; 奢侈","","","","","Baseline source-backed manual pedagogic review is still required.","83","216","PENDING_HUMAN_REVIEW",""
"NORMAL","0","FF4Q-0279","TRUE_FALSE_WITH_JUSTIFICATION","LEXI_BRIDGE_FF4-0279","propre","干净的; 自己的; 特有的; 合适的","","","","","Baseline source-backed manual pedagogic review is still required.","154","216","PENDING_HUMAN_REVIEW",""
"NORMAL","0","FF4Q-0280","SHORT_TEXT","LEXI_BRIDGE_FF4-0280","fonder","奠定基础; 创办","","","","","Baseline source-backed manual pedagogic review is still required.","83","216","PENDING_HUMAN_REVIEW",""
"NORMAL","0","FF4Q-0281","SINGLE_CHOICE","LEXI_BRIDGE_FF4-0281","opinion","意见; 舆论; 公众","","","","","Baseline source-backed manual pedagogic review is still required.","132","220","PENDING_HUMAN_REVIEW",""
"NORMAL","0","FF4Q-0282","FILL_BLANK","LEXI_BRIDGE_FF4-0282","publicité","广告宣传; 广告","","","","","Baseline source-backed manual pedagogic review is still required.","155","220","PENDING_HUMAN_REVIEW",""
"NORMAL","0","FF4Q-0283","TRUE_FALSE_WITH_JUSTIFICATION","LEXI_BRIDGE_FF4-0283","élaborer","制定; 推敲","","","","","Baseline source-backed manual pedagogic review is still required.","69","221","PENDING_HUMAN_REVIEW",""
"NORMAL","0","FF4Q-0284","SHORT_TEXT","LEXI_BRIDGE_FF4-0284","costume","男西装; 正装","","","","","Baseline source-backed manual pedagogic review is still required.","48","221","PENDING_HUMAN_REVIEW",""
"NORMAL","0","FF4Q-0285","SINGLE_CHOICE","LEXI_BRIDGE_FF4-0285","stationner","停车; 停留","","","","","Baseline source-backed manual pedagogic review is still required.","182","222","PENDING_HUMAN_REVIEW",""
"NORMAL","0","FF4Q-0286","FILL_BLANK","LEXI_BRIDGE_FF4-0286","coin","角落","","","","","Baseline source-backed manual pedagogic review is still required.","39","223","PENDING_HUMAN_REVIEW",""
"NORMAL","0","FF4Q-0287","TRUE_FALSE_WITH_JUSTIFICATION","LEXI_BRIDGE_FF4-0287","licence","许可; 自由; 学士学位; 钓鱼证","","","","","Baseline source-backed manual pedagogic review is still required.","113","223","PENDING_HUMAN_REVIEW",""
"NORMAL","0","FF4Q-0288","SHORT_TEXT","LEXI_BRIDGE_FF4-0288","crème","加奶咖啡; 奶油","","","","","Baseline source-backed manual pedagogic review is still required.","50","227","PENDING_HUMAN_REVIEW",""
"NORMAL","0","FF4Q-0289","SINGLE_CHOICE","LEXI_BRIDGE_FF4-0289","cousin","堂表亲; 蚊子","","","","","Baseline source-backed manual pedagogic review is still required.","50","228","PENDING_HUMAN_REVIEW",""
"NORMAL","0","FF4Q-0290","FILL_BLANK","LEXI_BRIDGE_FF4-0290","récipient","容器","","","","","Baseline source-backed manual pedagogic review is still required.","160","228","PENDING_HUMAN_REVIEW",""
"NORMAL","0","FF4Q-0291","TRUE_FALSE_WITH_JUSTIFICATION","LEXI_BRIDGE_FF4-0291","heurter","碰撞; 撞击; 使震惊; 使难过","","","","","Baseline source-backed manual pedagogic review is still required.","96","228","PENDING_HUMAN_REVIEW",""
"NORMAL","0","FF4Q-0292","SHORT_TEXT","LEXI_BRIDGE_FF4-0292","sortie","出口; 外出; 发作","","","","","Baseline source-backed manual pedagogic review is still required.","180","229","PENDING_HUMAN_REVIEW",""
"NORMAL","0","FF4Q-0293","SINGLE_CHOICE","LEXI_BRIDGE_FF4-0293","chasse","狩猎; 射猎; 抽水马桶冲水","","","","","Baseline source-backed manual pedagogic review is still required.","36","229","PENDING_HUMAN_REVIEW",""
"NORMAL","0","FF4Q-0294","FILL_BLANK","LEXI_BRIDGE_FF4-0294","cap","海角; 方向","","","","","Baseline source-backed manual pedagogic review is still required.","31","230","PENDING_HUMAN_REVIEW",""
"NORMAL","0","FF4Q-0295","TRUE_FALSE_WITH_JUSTIFICATION","LEXI_BRIDGE_FF4-0295","somme","小睡; 总和","","","","","Baseline source-backed manual pedagogic review is still required.","179","230","PENDING_HUMAN_REVIEW",""
"NORMAL","0","FF4Q-0296","SHORT_TEXT","LEXI_BRIDGE_FF4-0296","journal","报纸; 日记; 航海日志; 电视新闻","","","","","Baseline source-backed manual pedagogic review is still required.","108","234","PENDING_HUMAN_REVIEW",""
"NORMAL","0","FF4Q-0297","SINGLE_CHOICE","LEXI_BRIDGE_FF4-0297","nerveux","神经的; 紧张不安的; 易怒的; 强劲的","","","","","Baseline source-backed manual pedagogic review is still required.","128","235","PENDING_HUMAN_REVIEW",""
"NORMAL","0","FF4Q-0298","FILL_BLANK","LEXI_BRIDGE_FF4-0298","pitié","怜悯; 同情; 仁慈","","","","","Baseline source-backed manual pedagogic review is still required.","145","237","PENDING_HUMAN_REVIEW",""
"NORMAL","0","FF4Q-0300","SHORT_TEXT","LEXI_BRIDGE_FF4-0300","défendre","保护; 禁止","","","","","Baseline source-backed manual pedagogic review is still required.","56","237","PENDING_HUMAN_REVIEW",""
"NORMAL","0","FF4Q-0301","SINGLE_CHOICE","LEXI_BRIDGE_FF4-0301","respecter","尊重; 遵守（协议/日程）","","","","","Baseline source-backed manual pedagogic review is still required.","166","239","PENDING_HUMAN_REVIEW",""
"NORMAL","0","FF4Q-0302","FILL_BLANK","LEXI_BRIDGE_FF4-0302","préserver","保护; 保存; 维护","","","","","Baseline source-backed manual pedagogic review is still required.","151","239","PENDING_HUMAN_REVIEW",""
"NORMAL","0","FF4Q-0303","TRUE_FALSE_WITH_JUSTIFICATION","LEXI_BRIDGE_FF4-0303","percevoir","感知; 征收; 收取入场费","","","","","Baseline source-backed manual pedagogic review is still required.","141","241","PENDING_HUMAN_REVIEW",""
"NORMAL","0","FF4Q-0304","SHORT_TEXT","LEXI_BRIDGE_FF4-0304","désigner","指出; 指定; 命名","","","","","Baseline source-backed manual pedagogic review is still required.","61","242","PENDING_HUMAN_REVIEW",""
"NORMAL","0","FF4Q-0305","SINGLE_CHOICE","LEXI_BRIDGE_FF4-0305","liquide","液体; 现款","","","","","Baseline source-backed manual pedagogic review is still required.","114","242","PENDING_HUMAN_REVIEW",""
"NORMAL","0","FF4Q-0306","FILL_BLANK","LEXI_BRIDGE_FF4-0306","local","建筑; 房间; 场所","","","","","Baseline source-backed manual pedagogic review is still required.","115","243","PENDING_HUMAN_REVIEW",""
"NORMAL","0","FF4Q-0309","SINGLE_CHOICE","LEXI_BRIDGE_FF4-0309","persuader","说服; 使确信","","","","","Baseline source-backed manual pedagogic review is still required.","142","243","PENDING_HUMAN_REVIEW",""
"NORMAL","0","FF4Q-0313","SINGLE_CHOICE","LEXI_BRIDGE_FF4-0313","chat","猫","","","","","Baseline source-backed manual pedagogic review is still required.","36","249","PENDING_HUMAN_REVIEW",""
"NORMAL","0","FF4Q-0314","FILL_BLANK","LEXI_BRIDGE_FF4-0314","faillir","未做到; 失足; 差点","","","","","Baseline source-backed manual pedagogic review is still required.","78","249","PENDING_HUMAN_REVIEW",""
"NORMAL","0","FF4Q-0316","SHORT_TEXT","LEXI_BRIDGE_FF4-0316","fin","结束; 鱼鳍; 目的","","","","","Baseline source-backed manual pedagogic review is still required.","81","250","PENDING_HUMAN_REVIEW",""
"NORMAL","0","FF4Q-0317","SINGLE_CHOICE","LEXI_BRIDGE_FF4-0317","galerie","画廊; 汽车行李架; 剧场楼座","","","","","Baseline source-backed manual pedagogic review is still required.","88","250","PENDING_HUMAN_REVIEW",""
"NORMAL","0","FF4Q-0318","FILL_BLANK","LEXI_BRIDGE_FF4-0318","réviser","复习; 复审; 保养（汽车）","","","","","Baseline source-backed manual pedagogic review is still required.","168","251","PENDING_HUMAN_REVIEW",""
"NORMAL","0","FF4Q-0320","SHORT_TEXT","LEXI_BRIDGE_FF4-0320","inspirer","激发; 吸入","","","","","Baseline source-backed manual pedagogic review is still required.","104","252","PENDING_HUMAN_REVIEW",""
"NORMAL","0","FF4Q-0321","SINGLE_CHOICE","LEXI_BRIDGE_FF4-0321","union","联合; 协会","","","","","Baseline source-backed manual pedagogic review is still required.","195","253","PENDING_HUMAN_REVIEW",""
"NORMAL","0","FF4Q-0322","FILL_BLANK","LEXI_BRIDGE_FF4-0322","intérieur","内部; 家庭生活; 内政部","","","","","Baseline source-backed manual pedagogic review is still required.","105","253","PENDING_HUMAN_REVIEW",""
"NORMAL","0","FF4Q-0325","SINGLE_CHOICE","LEXI_BRIDGE_FF4-0325","joli","漂亮的; 可爱的; 非常","","","","","Baseline source-backed manual pedagogic review is still required.","108","255","PENDING_HUMAN_REVIEW",""
"NORMAL","0","FF4Q-0326","FILL_BLANK","LEXI_BRIDGE_FF4-0326","signifier","表示; 意味着; 正式送达","","","","","Baseline source-backed manual pedagogic review is still required.","177","256","PENDING_HUMAN_REVIEW",""
"NORMAL","0","FF4Q-0327","TRUE_FALSE_WITH_JUSTIFICATION","LEXI_BRIDGE_FF4-0327","don","赠礼; 天赋; 大学教授称谓","","","","","Baseline source-backed manual pedagogic review is still required.","66","256","PENDING_HUMAN_REVIEW",""
"NORMAL","0","FF4Q-0328","SHORT_TEXT","LEXI_BRIDGE_FF4-0328","instruire","教育; 告知; 法律调查","","","","","Baseline source-backed manual pedagogic review is still required.","105","256","PENDING_HUMAN_REVIEW",""
"NORMAL","0","FF4Q-0329","SINGLE_CHOICE","LEXI_BRIDGE_FF4-0329","révolter","反抗; 激怒; 冒犯","","","","","Baseline source-backed manual pedagogic review is still required.","168","257","PENDING_HUMAN_REVIEW",""
"NORMAL","0","FF4Q-0330","FILL_BLANK","LEXI_BRIDGE_FF4-0330","ressentir","深切感到","","","","","Baseline source-backed manual pedagogic review is still required.","166","258","PENDING_HUMAN_REVIEW",""
"NORMAL","0","FF4Q-0331","TRUE_FALSE_WITH_JUSTIFICATION","LEXI_BRIDGE_FF4-0331","vue","视野; 视力; 观点","","","","","Baseline source-backed manual pedagogic review is still required.","201","258","PENDING_HUMAN_REVIEW",""
"NORMAL","0","FF4Q-0332","SHORT_TEXT","LEXI_BRIDGE_FF4-0332","usuel","参考工具书","","","","","Baseline source-backed manual pedagogic review is still required.","196","260","PENDING_HUMAN_REVIEW",""
"NORMAL","0","FF4Q-0333","SINGLE_CHOICE","LEXI_BRIDGE_FF4-0333","douter","怀疑; 认为","","","","","Baseline source-backed manual pedagogic review is still required.","67","260","PENDING_HUMAN_REVIEW",""
"NORMAL","0","FF4Q-0334","FILL_BLANK","LEXI_BRIDGE_FF4-0334","singe","猴子; 模仿者; 老板; 咸牛肉罐头","","","","","Baseline source-backed manual pedagogic review is still required.","177","260","PENDING_HUMAN_REVIEW",""
"NORMAL","0","FF4Q-0335","TRUE_FALSE_WITH_JUSTIFICATION","LEXI_BRIDGE_FF4-0335","infirme","残疾的; 行动不便的; 病人","","","","","Baseline source-backed manual pedagogic review is still required.","103","260","PENDING_HUMAN_REVIEW",""
"NORMAL","0","FF4Q-0336","SHORT_TEXT","LEXI_BRIDGE_FF4-0336","composer","创作; 参加考试; 拨号; 妥协","","","","","Baseline source-backed manual pedagogic review is still required.","42","260","PENDING_HUMAN_REVIEW",""
"NORMAL","0","FF4Q-0338","FILL_BLANK","LEXI_BRIDGE_FF4-0338","grippe","流感; 厌恶","","","","","Baseline source-backed manual pedagogic review is still required.","93","262","PENDING_HUMAN_REVIEW",""
"NORMAL","0","FF4Q-0340","SHORT_TEXT","LEXI_BRIDGE_FF4-0340","cheminée","烟囱; 漏斗; 壁炉; 壁炉架","","","","","Baseline source-backed manual pedagogic review is still required.","36","262","PENDING_HUMAN_REVIEW",""
"NORMAL","0","FF4Q-0342","FILL_BLANK","LEXI_BRIDGE_FF4-0342","crise","危机; 短缺; 发作","","","","","Baseline source-backed manual pedagogic review is still required.","51","263","PENDING_HUMAN_REVIEW",""
"NORMAL","0","FF4Q-0343","TRUE_FALSE_WITH_JUSTIFICATION","LEXI_BRIDGE_FF4-0343","inférieur","下方的; 较低的; 低年级的","","","","","Baseline source-backed manual pedagogic review is still required.","103","263","PENDING_HUMAN_REVIEW",""
"NORMAL","0","FF4Q-0345","SINGLE_CHOICE","LEXI_BRIDGE_FF4-0345","tension","紧张; 血压","","","","","Baseline source-backed manual pedagogic review is still required.","188","264","PENDING_HUMAN_REVIEW",""
"NORMAL","0","FF4Q-0346","FILL_BLANK","LEXI_BRIDGE_FF4-0346","fou","疯子; 象棋象; 宫廷小丑","","","","","Baseline source-backed manual pedagogic review is still required.","85","266","PENDING_HUMAN_REVIEW",""
"NORMAL","0","FF4Q-0347","TRUE_FALSE_WITH_JUSTIFICATION","LEXI_BRIDGE_FF4-0347","large","宽的; 宽阔的; 宽厚的; 慷慨的","","","","","Baseline source-backed manual pedagogic review is still required.","111","266","PENDING_HUMAN_REVIEW",""
"NORMAL","0","FF4Q-0348","SHORT_TEXT","LEXI_BRIDGE_FF4-0348","hasard","偶然; 机会; 运气","","","","","Baseline source-backed manual pedagogic review is still required.","95","267","PENDING_HUMAN_REVIEW",""
"NORMAL","0","FF4Q-0349","SINGLE_CHOICE","LEXI_BRIDGE_FF4-0349","site","地点; 美景; 场址; 建筑工地","","","","","Baseline source-backed manual pedagogic review is still required.","177","267","PENDING_HUMAN_REVIEW",""
"NORMAL","0","FF4Q-0350","FILL_BLANK","LEXI_BRIDGE_FF4-0350","traîner","拖; 拉; 磨蹭; 拖沓","","","","","Baseline source-backed manual pedagogic review is still required.","191","268","PENDING_HUMAN_REVIEW",""
"NORMAL","0","FF4Q-0352","SHORT_TEXT","LEXI_BRIDGE_FF4-0352","pousser","推; 生长; 发出（哭喊）","","","","","Baseline source-backed manual pedagogic review is still required.","150","270","PENDING_HUMAN_REVIEW",""
"NORMAL","0","FF4Q-0353","SINGLE_CHOICE","LEXI_BRIDGE_FF4-0353","standard","旗帜; 标准（niveau）","","","","","Baseline source-backed manual pedagogic review is still required.","181","270","PENDING_HUMAN_REVIEW",""
"NORMAL","0","FF4Q-0354","FILL_BLANK","LEXI_BRIDGE_FF4-0354","instant","紧急的; 急迫的","","","","","Baseline source-backed manual pedagogic review is still required.","104","270","PENDING_HUMAN_REVIEW",""
"NORMAL","0","FF4Q-0356","SHORT_TEXT","LEXI_BRIDGE_FF4-0356","posséder","拥有; 精通","","","","","Baseline source-backed manual pedagogic review is still required.","149","271","PENDING_HUMAN_REVIEW",""
"NORMAL","0","FF4Q-0357","SINGLE_CHOICE","LEXI_BRIDGE_FF4-0357","rivière","河流; 障碍赛水障; 开放式缝线; 钻石项链","","","","","Baseline source-backed manual pedagogic review is still required.","169","271","PENDING_HUMAN_REVIEW",""
"NORMAL","0","FF4Q-0358","FILL_BLANK","LEXI_BRIDGE_FF4-0358","vapeur","蒸汽; 水汽","","","","","Baseline source-backed manual pedagogic review is still required.","197","271","PENDING_HUMAN_REVIEW",""
"NORMAL","0","FF4Q-0359","TRUE_FALSE_WITH_JUSTIFICATION","LEXI_BRIDGE_FF4-0359","particulier","私人; 个人; 具体细节","","","","","Baseline source-backed manual pedagogic review is still required.","137","272","PENDING_HUMAN_REVIEW",""
"NORMAL","0","FF4Q-0360","SHORT_TEXT","LEXI_BRIDGE_FF4-0360","marché","市场; 交易; 便宜货","","","","","Baseline source-backed manual pedagogic review is still required.","119","272","PENDING_HUMAN_REVIEW",""
"NORMAL","0","FF4Q-0361","SINGLE_CHOICE","LEXI_BRIDGE_FF4-0361","projeter","投射; 放映; 计划","","","","","Baseline source-backed manual pedagogic review is still required.","153","274","PENDING_HUMAN_REVIEW",""
"NORMAL","0","FF4Q-0362","FILL_BLANK","LEXI_BRIDGE_FF4-0362","scandale","丑闻; 令人震惊之事","","","","","Baseline source-backed manual pedagogic review is still required.","173","275","PENDING_HUMAN_REVIEW",""
"NORMAL","0","FF4Q-0363","TRUE_FALSE_WITH_JUSTIFICATION","LEXI_BRIDGE_FF4-0363","draguer","疏浚; 拖曳水面; 搭讪","","","","","Baseline source-backed manual pedagogic review is still required.","67","279","PENDING_HUMAN_REVIEW",""
"NORMAL","0","FF4Q-0365","SINGLE_CHOICE","LEXI_BRIDGE_FF4-0365","commissaire","专员; 警察督察; 审计员; 船上事务长","","","","","Baseline source-backed manual pedagogic review is still required.","40","281","PENDING_HUMAN_REVIEW",""
"NORMAL","0","FF4Q-0366","FILL_BLANK","LEXI_BRIDGE_FF4-0366","supplier","恳求; 请求","","","","","Baseline source-backed manual pedagogic review is still required.","184","284","PENDING_HUMAN_REVIEW",""
"NORMAL","0","FF4Q-0367","TRUE_FALSE_WITH_JUSTIFICATION","LEXI_BRIDGE_FF4-0367","humeur","心情; 情绪; 脾气","","","","","Baseline source-backed manual pedagogic review is still required.","96","284","PENDING_HUMAN_REVIEW",""
"NORMAL","0","FF4Q-0369","SINGLE_CHOICE","LEXI_BRIDGE_FF4-0369","record","（体育）纪录","","","","","Baseline source-backed manual pedagogic review is still required.","161","288","PENDING_HUMAN_REVIEW",""
"NORMAL","0","FF4Q-0373","SINGLE_CHOICE","LEXI_BRIDGE_FF4-0373","office","职务; 机构; 教会礼拜; 斡旋","","","","","Baseline source-backed manual pedagogic review is still required.","131","295","PENDING_HUMAN_REVIEW",""
"NORMAL","0","FF4Q-0374","FILL_BLANK","LEXI_BRIDGE_FF4-0374","sauce","调味汁; 肉汁; 黑色蜡笔; 打骂","","","","","Baseline source-backed manual pedagogic review is still required.","173","297","PENDING_HUMAN_REVIEW",""
"NORMAL","0","FF4Q-0375","TRUE_FALSE_WITH_JUSTIFICATION","LEXI_BRIDGE_FF4-0375","trousse","捆; 工具包; 医疗包","","","","","Baseline source-backed manual pedagogic review is still required.","194","297","PENDING_HUMAN_REVIEW",""
"NORMAL","0","FF4Q-0376","SHORT_TEXT","LEXI_BRIDGE_FF4-0376","gaz","燃气; 气泡感","","","","","Baseline source-backed manual pedagogic review is still required.","89","299","PENDING_HUMAN_REVIEW",""
"NORMAL","0","FF4Q-0378","FILL_BLANK","LEXI_BRIDGE_FF4-0378","formule","公式; 表格; 惯用语; 成套方案","","","","","Baseline source-backed manual pedagogic review is still required.","85","300","PENDING_HUMAN_REVIEW",""
"NORMAL","0","FF4Q-0379","TRUE_FALSE_WITH_JUSTIFICATION","LEXI_BRIDGE_FF4-0379","coffre","箱子; 胸柜; 汽车后备箱; 保险柜","","","","","Baseline source-backed manual pedagogic review is still required.","39","301","PENDING_HUMAN_REVIEW",""
"NORMAL","0","FF4Q-0380","SHORT_TEXT","LEXI_BRIDGE_FF4-0380","contact","联系; 开关; 点火装置","","","","","Baseline source-backed manual pedagogic review is still required.","46","303","PENDING_HUMAN_REVIEW",""
"NORMAL","0","FF4Q-0381","SINGLE_CHOICE","LEXI_BRIDGE_FF4-0381","remarquer","注意到; 察觉","","","","","Baseline source-backed manual pedagogic review is still required.","163","303","PENDING_HUMAN_REVIEW",""
"NORMAL","0","FF4Q-0382","FILL_BLANK","LEXI_BRIDGE_FF4-0382","pur","纯的; 纯粹的; 强硬的","","","","","Baseline source-backed manual pedagogic review is still required.","155","303","PENDING_HUMAN_REVIEW",""
"NORMAL","0","FF4Q-0384","SHORT_TEXT","LEXI_BRIDGE_FF4-0384","code","法典; 公路法规; 灯光信号","","","","","Baseline source-backed manual pedagogic review is still required.","39","307","PENDING_HUMAN_REVIEW",""
"NORMAL","0","FF4Q-0385","SINGLE_CHOICE","LEXI_BRIDGE_FF4-0385","mine","矿井; 面容; 空气; 铅笔芯","","","","","Baseline source-backed manual pedagogic review is still required.","123","312","PENDING_HUMAN_REVIEW",""
"NORMAL","0","FF4Q-0386","FILL_BLANK","LEXI_BRIDGE_FF4-0386","doter","给嫁妆; 提供","","","","","Baseline source-backed manual pedagogic review is still required.","66","312","PENDING_HUMAN_REVIEW",""
"NORMAL","0","FF4Q-0388","SHORT_TEXT","LEXI_BRIDGE_FF4-0388","inutile","无用的; 徒劳的; 无意义的","","","","","Baseline source-backed manual pedagogic review is still required.","107","317","PENDING_HUMAN_REVIEW",""
"NORMAL","0","FF4Q-0389","SINGLE_CHOICE","LEXI_BRIDGE_FF4-0389","exact","准时的; 正确的","","","","","Baseline source-backed manual pedagogic review is still required.","75","317","PENDING_HUMAN_REVIEW",""
"NORMAL","0","FF4Q-0390","FILL_BLANK","LEXI_BRIDGE_FF4-0390","fameux","著名的; 极好的; 真正的","","","","","Baseline source-backed manual pedagogic review is still required.","78","318","PENDING_HUMAN_REVIEW",""
"NORMAL","0","FF4Q-0391","TRUE_FALSE_WITH_JUSTIFICATION","LEXI_BRIDGE_FF4-0391","dresser","竖立; 制定; 训练; 起身","","","","","Baseline source-backed manual pedagogic review is still required.","67","318","PENDING_HUMAN_REVIEW",""
"NORMAL","0","FF4Q-0392","SHORT_TEXT","LEXI_BRIDGE_FF4-0392","marquer","标记; 给人深刻印象","","","","","Baseline source-backed manual pedagogic review is still required.","120","319","PENDING_HUMAN_REVIEW",""
"NORMAL","0","FF4Q-0393","SINGLE_CHOICE","LEXI_BRIDGE_FF4-0393","sauver","救; 逃跑; 沸腾溢出","","","","","Baseline source-backed manual pedagogic review is still required.","173","321","PENDING_HUMAN_REVIEW",""
"NORMAL","0","FF4Q-0394","FILL_BLANK","LEXI_BRIDGE_FF4-0394","secteur","区域; 行业; 市电","","","","","Baseline source-backed manual pedagogic review is still required.","175","321","PENDING_HUMAN_REVIEW",""
"NORMAL","0","FF4Q-0395","TRUE_FALSE_WITH_JUSTIFICATION","LEXI_BRIDGE_FF4-0395","solde","余额; 清仓存货; 军饷","","","","","Baseline source-backed manual pedagogic review is still required.","179","322","PENDING_HUMAN_REVIEW",""
"NORMAL","0","FF4Q-0396","SHORT_TEXT","LEXI_BRIDGE_FF4-0396","poser","摆姿势; 放置; 提出问题; 安装","","","","","Baseline source-backed manual pedagogic review is still required.","149","322","PENDING_HUMAN_REVIEW",""
"NORMAL","0","FF4Q-0397","SINGLE_CHOICE","LEXI_BRIDGE_FF4-0397","ornement","装饰; 美化; 装饰品","","","","","Baseline source-backed manual pedagogic review is still required.","133","323","PENDING_HUMAN_REVIEW",""
"NORMAL","0","FF4Q-0399","TRUE_FALSE_WITH_JUSTIFICATION","LEXI_BRIDGE_FF4-0399","fasciner","催眠般迷住; 吸引; 迷住","","","","","Baseline source-backed manual pedagogic review is still required.","79","324","PENDING_HUMAN_REVIEW",""
"NORMAL","0","FF4Q-0400","SHORT_TEXT","LEXI_BRIDGE_FF4-0400","envie","欲望; 愿望; 想要","","","","","Baseline source-backed manual pedagogic review is still required.","73","325","PENDING_HUMAN_REVIEW",""
"NORMAL","0","FF4Q-0401","SINGLE_CHOICE","LEXI_BRIDGE_FF4-0401","placard","壁橱; 海报; 报纸插页广告","","","","","Baseline source-backed manual pedagogic review is still required.","145","325","PENDING_HUMAN_REVIEW",""
"NORMAL","0","FF4Q-0402","FILL_BLANK","LEXI_BRIDGE_FF4-0402","exposer","陈列; 展示; 揭示","","","","","Baseline source-backed manual pedagogic review is still required.","77","326","PENDING_HUMAN_REVIEW",""
"NORMAL","0","FF4Q-0405","SINGLE_CHOICE","LEXI_BRIDGE_FF4-0405","syndicat","工会; 行业协会; 旅游局","","","","","Baseline source-backed manual pedagogic review is still required.","186","331","PENDING_HUMAN_REVIEW",""
"NORMAL","0","FF4Q-0406","FILL_BLANK","LEXI_BRIDGE_FF4-0406","chagrin","悲伤; 鲨鱼皮","","","","","Baseline source-backed manual pedagogic review is still required.","34","332","PENDING_HUMAN_REVIEW",""
"NORMAL","0","FF4Q-0408","SHORT_TEXT","LEXI_BRIDGE_FF4-0408","condamner","谴责; 封死（门窗）","","","","","Baseline source-backed manual pedagogic review is still required.","42","335","PENDING_HUMAN_REVIEW",""
"NORMAL","0","FF4Q-0409","SINGLE_CHOICE","LEXI_BRIDGE_FF4-0409","exploit","功绩; 诉状; 传票","","","","","Baseline source-backed manual pedagogic review is still required.","77","336","PENDING_HUMAN_REVIEW",""
"NORMAL","0","FF4Q-0413","SINGLE_CHOICE","LEXI_BRIDGE_FF4-0413","confondre","使困惑; 混淆; 混合","","","","","Baseline source-backed manual pedagogic review is still required.","44","337","PENDING_HUMAN_REVIEW",""
"NORMAL","0","FF4Q-0414","FILL_BLANK","LEXI_BRIDGE_FF4-0414","expertise","专家鉴定; 估价","","","","","Baseline source-backed manual pedagogic review is still required.","76","338","PENDING_HUMAN_REVIEW",""
"NORMAL","0","FF4Q-0416","SHORT_TEXT","LEXI_BRIDGE_FF4-0416","signaler","指出; 报告; 标示","","","","","Baseline source-backed manual pedagogic review is still required.","176","340","PENDING_HUMAN_REVIEW",""
"NORMAL","0","FF4Q-0417","SINGLE_CHOICE","LEXI_BRIDGE_FF4-0417","virtuel","可能的; 潜在的; 技术意义的虚拟","","","","","Baseline source-backed manual pedagogic review is still required.","200","342","PENDING_HUMAN_REVIEW",""
"NORMAL","0","FF4Q-0418","FILL_BLANK","LEXI_BRIDGE_FF4-0418","temple","新教教堂","","","","","Baseline source-backed manual pedagogic review is still required.","187","342","PENDING_HUMAN_REVIEW",""
"NORMAL","0","FF4Q-0419","TRUE_FALSE_WITH_JUSTIFICATION","LEXI_BRIDGE_FF4-0419","information","法律调查; 新闻; 数据; 资料","","","","","Baseline source-backed manual pedagogic review is still required.","103","344","PENDING_HUMAN_REVIEW",""
"NORMAL","0","FF4Q-0420","SHORT_TEXT","LEXI_BRIDGE_FF4-0420","type","类型; 家伙（口语）","","","","","Baseline source-backed manual pedagogic review is still required.","195","346","PENDING_HUMAN_REVIEW",""
"NORMAL","0","FF4Q-0421","SINGLE_CHOICE","LEXI_BRIDGE_FF4-0421","provoquer","引起; 导致; 带来","","","","","Baseline source-backed manual pedagogic review is still required.","154","349","PENDING_HUMAN_REVIEW",""
"NORMAL","0","FF4Q-0422","FILL_BLANK","LEXI_BRIDGE_FF4-0422","garder","保留; 保存; 看守","","","","","Baseline source-backed manual pedagogic review is still required.","89","349","PENDING_HUMAN_REVIEW",""
"NORMAL","0","FF4Q-0424","SHORT_TEXT","LEXI_BRIDGE_FF4-0424","gorge","峡谷; 喉咙; 危险地带","","","","","Baseline source-backed manual pedagogic review is still required.","91","349","PENDING_HUMAN_REVIEW",""
"NORMAL","0","FF4Q-0425","SINGLE_CHOICE","LEXI_BRIDGE_FF4-0425","commode","五斗柜; 方便的","","","","","Baseline source-backed manual pedagogic review is still required.","41","349","PENDING_HUMAN_REVIEW",""
"NORMAL","0","FF4Q-0426","FILL_BLANK","LEXI_BRIDGE_FF4-0426","fixer","固定; 盯着看; 任命; 安顿","","","","","Baseline source-backed manual pedagogic review is still required.","82","351","PENDING_HUMAN_REVIEW",""
"NORMAL","0","FF4Q-0428","SHORT_TEXT","LEXI_BRIDGE_FF4-0428","rude","粗糙的; 严酷的; 强硬的; 粗鲁的","","","","","Baseline source-backed manual pedagogic review is still required.","170","352","PENDING_HUMAN_REVIEW",""
"NORMAL","0","FF4Q-0429","SINGLE_CHOICE","LEXI_BRIDGE_FF4-0429","manteau","外套; 壁炉台; 暗中","","","","","Baseline source-backed manual pedagogic review is still required.","119","353","PENDING_HUMAN_REVIEW",""
"NORMAL","0","FF4Q-0430","FILL_BLANK","LEXI_BRIDGE_FF4-0430","raisin","葡萄; 黑加仑; 无核葡萄干","","","","","Baseline source-backed manual pedagogic review is still required.","158","355","PENDING_HUMAN_REVIEW",""
"NORMAL","0","FF4Q-0431","TRUE_FALSE_WITH_JUSTIFICATION","LEXI_BRIDGE_FF4-0431","lecteur","读者; 大学外籍助教","","","","","Baseline source-backed manual pedagogic review is still required.","112","358","PENDING_HUMAN_REVIEW",""
"NORMAL","0","FF4Q-0432","SHORT_TEXT","LEXI_BRIDGE_FF4-0432","ski","滑雪板; 滑雪","","","","","Baseline source-backed manual pedagogic review is still required.","178","358","PENDING_HUMAN_REVIEW",""
"NORMAL","0","FF4Q-0434","FILL_BLANK","LEXI_BRIDGE_FF4-0434","futur","未婚夫; 未来","","","","","Baseline source-backed manual pedagogic review is still required.","87","359","PENDING_HUMAN_REVIEW",""
"NORMAL","0","FF4Q-0437","SINGLE_CHOICE","LEXI_BRIDGE_FF4-0437","cours","课程; 一节课","","","","","Baseline source-backed manual pedagogic review is still required.","49","360","PENDING_HUMAN_REVIEW",""
"NORMAL","0","FF4Q-0438","FILL_BLANK","LEXI_BRIDGE_FF4-0438","raquette","网球拍; 乒乓球拍; 雪鞋","","","","","Baseline source-backed manual pedagogic review is still required.","159","360","PENDING_HUMAN_REVIEW",""
"NORMAL","0","FF4Q-0440","SHORT_TEXT","LEXI_BRIDGE_FF4-0440","mobile","动机; 犯罪动机","","","","","Baseline source-backed manual pedagogic review is still required.","124","361","PENDING_HUMAN_REVIEW",""
"NORMAL","0","FF4Q-0441","SINGLE_CHOICE","LEXI_BRIDGE_FF4-0441","tendance","倾向; 潮流","","","","","Baseline source-backed manual pedagogic review is still required.","187","365","PENDING_HUMAN_REVIEW",""
"NORMAL","0","FF4Q-0442","FILL_BLANK","LEXI_BRIDGE_FF4-0442","digestif","餐后利口酒; 助消化饮品","","","","","Baseline source-backed manual pedagogic review is still required.","63","365","PENDING_HUMAN_REVIEW",""
"NORMAL","0","FF4Q-0443","TRUE_FALSE_WITH_JUSTIFICATION","LEXI_BRIDGE_FF4-0443","pension","膳宿; 小旅馆; 寄宿学校","","","","","Baseline source-backed manual pedagogic review is still required.","141","367","PENDING_HUMAN_REVIEW",""
"NORMAL","0","FF4Q-0444","SHORT_TEXT","LEXI_BRIDGE_FF4-0444","rallier","集合; 归队; 靠岸","","","","","Baseline source-backed manual pedagogic review is still required.","158","369","PENDING_HUMAN_REVIEW",""
"NORMAL","0","FF4Q-0445","SINGLE_CHOICE","LEXI_BRIDGE_FF4-0445","express","快车; 浓缩咖啡","","","","","Baseline source-backed manual pedagogic review is still required.","77","369","PENDING_HUMAN_REVIEW",""
